検知数,time_step,id,x,y,id_1,x_1,y_1,id_2,x_2,y_2,id_3,x_3,y_3,id_4,x_4,y_4,id_5,x_5,y_5,id_6,x_6,y_6,id_7,x_7,y_7,id_8,x_8,y_8,id_9,x_9,y_9,id_10,x_10,y_10,id_11,x_11,y_11,id_12,x_12,y_12,id_13,x_13,y_13,id_14,x_14,y_14,id_15,x_15,y_15,id_16,x_16,y_16,id_17,x_17,y_17,id_18,x_18,y_18,id_19,x_19,y_19
7,0,1,83.82143308,11.84630238,2,40.19588667,40.3161409,3,36.40835329,27.51333847,4,31.40749166,23.96961489,5,67.92644809,92.29436265,6,76.78823497,70.34127819,7,43.49797788,65.14436699,,,,,,,,,,,,,,,,,,,,,,,,,,,,,,,,,,,,,,,
7,1,1,84.73466127,8.5931274,2,44.58949045,43.33668482,3,36.9231717,28.90342026,4,34.09579987,23.70302298,5,67.61935122,94.98460958,6,77.46658826,73.94450809,7,43.54709298,64.13266561,,,,,,,,,,,,,,,,,,,,,,,,,,,,,,,,,,,,,,,
7,2,1,84.77172543,8.588696476,2,43.38020195,39.72304424,3,35.11427618,25.64285162,4,34.70820664,18.79198036,5,63.13488724,90.77037237,6,78.26315282,71.99917125,7,48.36873059,60.25521949,,,,,,,,,,,,,,,,,,,,,,,,,,,,,,,,,,,,,,,
7,3,1,82.22191941,9.733282296,2,38.75343385,37.46809224,3,38.91968714,27.40625507,4,38.94507663,13.93030288,5,59.74030347,88.40196242,6,76.66060919,71.67207037,7,46.31341466,63.85480714,,,,,,,,,,,,,,,,,,,,,,,,,,,,,,,,,,,,,,,
7,4,1,84.10228647,10.57187561,2,42.48849763,42.37224599,3,42.71078418,28.24480987,4,36.55687551,10.67152593,5,56.97888415,89.62164242,6,79.04788187,69.46579659,7,45.69538054,67.79170724,,,,,,,,,,,,,,,,,,,,,,,,,,,,,,,,,,,,,,,
7,5,1,81.29304154,11.06845302,2,44.32672396,45.67775284,3,40.5803856,28.9584267,4,37.78758289,7.124914079,5,61.0667514,92.50420701,6,80.85384887,74.05605933,7,48.04755794,68.15357529,,,,,,,,,,,,,,,,,,,,,,,,,,,,,,,,,,,,,,,
8,6,1,82.02191987,14.4868079,2,43.00308919,46.48161983,3,43.99536356,33.7191214,4,35.90188159,5.837876098,5,61.91934477,88.00553871,6,85.59712548,75.41360709,7,46.64418186,68.18806394,8,54.3599952,66.05192218,,,,,,,,,,,,,,,,,,,,,,,,,,,,,,,,,,,,
8,7,1,77.14237056,17.53187184,2,38.25144986,51.35628659,3,48.39881236,34.56439235,4,35.11740639,2.159129231,5,60.40527191,85.04667829,6,80.80144417,75.65866764,7,44.42624643,72.57715755,8,50.86728822,64.29727311,,,,,,,,,,,,,,,,,,,,,,,,,,,,,,,,,,,,
8,8,1,81.0827677,19.00675972,2,37.14317252,48.98289747,3,50.00795136,36.54083628,4,38.39644679,3.391780511,5,55.77007415,80.61840819,6,81.3099587,78.16389371,7,46.28520167,75.29641208,8,51.88509439,63.90545716,,,,,,,,,,,,,,,,,,,,,,,,,,,,,,,,,,,,
8,9,1,81.6450997,17.22758361,2,37.21632789,44.85766418,3,52.62132559,31.62968975,4,35.657831,8.170303254,5,57.8522628,79.45095285,6,79.99850923,74.68116757,7,42.1362197,78.4188501,8,51.06141846,61.71129198,,,,,,,,,,,,,,,,,,,,,,,,,,,,,,,,,,,,
8,10,1,82.07258937,17.73269724,2,34.22302111,48.17361854,3,49.35327554,34.33632352,4,32.49413371,6.261543054,5,57.97888099,77.26965687,6,77.68909143,78.88901248,7,37.30198624,81.32827387,8,47.65366849,64.0278085,,,,,,,,,,,,,,,,,,,,,,,,,,,,,,,,,,,,
11,11,1,86.89341038,21.49508769,2,36.82769946,45.88415675,3,51.29931141,38.93682973,4,31.5640386,10.15402617,5,54.18246451,78.06589563,6,78.40403233,76.94301473,7,41.3737029,80.95036532,8,48.02284309,60.31818666,9,60.98979522,3.914729895,10,43.15193001,77.81820147,11,72.46645665,54.78534062,,,,,,,,,,,,,,,,,,,,,,,,,,,
11,12,1,89.35262341,23.01523536,2,40.23246452,44.86679701,3,54.07578124,41.06464641,4,34.71353413,14.23122389,5,58.0716254,77.15577091,6,76.37469577,73.13978742,7,45.63931377,79.16486484,8,51.44563517,58.23099381,9,63.60693225,1.84878251,10,38.70436779,82.57824553,11,72.19068281,58.82806775,,,,,,,,,,,,,,,,,,,,,,,,,,,
11,13,1,93.29065063,19.88963179,2,44.45627162,40.22108392,3,52.11399615,40.77010578,4,36.58072066,10.38813072,5,55.79089302,74.43270432,6,72.5689559,76.58516759,7,40.75980602,78.96650825,8,49.71696181,63.22182385,9,61.72416735,0.69373114,10,41.7661913,83.27160323,11,74.75205202,57.74338978,,,,,,,,,,,,,,,,,,,,,,,,,,,
11,14,1,96.15189454,17.49409724,2,40.34020804,44.61354949,3,52.25022192,42.92085291,4,32.21928298,12.20682551,5,60.49023566,71.09595157,6,67.60469801,79.2599037,7,38.47599673,82.74842106,8,54.57422879,65.77717056,9,57.1683814,0.728806781,10,42.52201758,82.0597866,11,78.04160724,55.17454439,,,,,,,,,,,,,,,,,,,,,,,,,,,
11,15,1,100,19.94852581,2,39.56000874,49.05519159,3,53.35574317,40.97229949,4,32.21090502,8.464307112,5,61.90080801,71.00084192,6,62.89099959,79.43776284,7,40.23220592,86.44513437,8,55.53213574,61.71281471,9,56.43898414,0.584641974,10,46.10564827,86.78245683,11,78.97639881,57.07700187,,,,,,,,,,,,,,,,,,,,,,,,,,,
11,16,1,100,23.75716155,2,36.06357753,48.21246424,3,54.95255961,43.74948172,4,30.90699104,8.531657478,5,64.64161017,68.85949346,6,62.31695542,83.78859439,7,38.5438004,87.04299218,8,53.28069266,65.59756851,9,56.52366103,0,10,47.29373988,88.42194973,11,74.81658367,55.07393783,,,,,,,,,,,,,,,,,,,,,,,,,,,
11,17,1,99.86942055,27.67084907,2,38.78470241,43.62744789,3,53.01204653,46.71870554,4,30.70600639,6.922227976,5,61.13240714,68.69788974,6,58.94792206,81.10126614,7,33.67099945,90.36180871,8,56.37774255,63.01203262,9,61.2851461,1.482719905,10,50.31689504,89.73125462,11,75.49416406,57.02567895,,,,,,,,,,,,,,,,,,,,,,,,,,,
20,18,1,100,22.69472182,2,40.19038028,45.79840732,3,51.43535995,50.40197139,4,35.29374552,6.565349464,5,61.24493343,72.49156829,6,61.84202378,82.99648964,7,30.39186862,91.76135548,8,56.35853736,62.34782711,9,65.29458461,0,10,53.10324306,88.09703534,11,75.9710326,61.3220853,12,87.06036045,57.53741852,13,0,46.59457697,14,47.51399829,8.461459362,15,58.06987263,79.79959281,16,64.37969243,17.56711254,17,42.57299922,51.29173456,18,32.27827637,58.24650308,19,6.292217626,88.43480231,20,59.16706303,70.57717196
20,19,1,100,26.74162722,2,35.92747529,43.64736824,3,47.83857509,45.79416136,4,36.8758647,3.686755087,5,64.50634017,70.02802598,6,65.99574985,79.32107103,7,30.99846502,94.09332199,8,60.29592913,61.04323992,9,63.79426012,0,10,57.13357486,87.05546557,11,78.33721981,65.59384307,12,88.10788348,60.68189986,13,0,47.52354169,14,45.56979173,5.927432336,15,58.90140095,82.7089453,16,59.43840167,18.7611745,17,43.86746614,55.25398437,18,34.13378749,57.23629604,19,6.949566787,93.07937389,20,56.91570147,68.57283532
20,20,1,100,22.47006451,2,37.56409375,41.87120221,3,46.77188076,42.202948,4,35.52333288,4.796053627,5,68.8791085,65.7468586,6,66.28220167,78.44113003,7,34.97691527,94.94308681,8,61.79501983,63.83462774,9,67.38927436,3.464798623,10,58.25433607,83.33545346,11,77.40657568,68.15423779,12,88.09160892,63.62381529,13,1.334901077,51.30865443,14,43.11466578,4.739372348,15,55.73047885,79.46882952,16,55.35781775,16.15750754,17,40.46226404,58.03453364,18,35.36361926,60.2044366,19,6.900014841,89.11341927,20,56.83524888,71.96414075
20,21,1,99.2773658,25.71659858,2,36.84788802,43.40860692,3,49.41472584,41.18605717,4,32.97887601,8.439949342,5,72.79626718,62.40226103,6,69.85066887,78.42340111,7,32.31208066,92.77714016,8,59.76903968,60.47618606,9,70.95458367,3.415762501,10,59.2083026,79.68349064,11,75.644071,69.56744315,12,83.18025294,60.68512905,13,0,53.73682493,14,39.16214881,1.978481601,15,53.68492552,76.18002272,16,54.84880282,19.04042909,17,36.05935692,56.79400467,18,30.45310407,57.06739468,19,11.28883392,88.32828054,20,57.96774846,76.41002752
20,22,1,100,30.68415205,2,39.46675538,46.59466511,3,48.3737653,38.05988043,4,34.18405745,4.983120883,5,71.36849399,61.9832322,6,73.25113057,79.41694663,7,33.82613089,89.16437624,8,62.46124389,59.19435307,9,66.52569368,0.756477995,10,62.44186186,79.12208407,11,74.16019597,72.0666326,12,79.4926709,62.82281849,13,1.217675954,51.61766546,14,35.67904049,3.38070394,15,52.2412827,77.00510463,16,58.82255705,16.93970267,17,35.62151038,56.1423944,18,29.57297386,58.38267464,19,8.687039462,90.22335422,20,61.74255683,79.93348863
20,23,1,96.40910774,29.8362186,2,40.11522471,46.14466446,3,48.93428436,38.36182869,4,32.1466219,4.257384214,5,66.76752686,62.5071395,6,77.17481056,80.93949649,7,35.45798945,88.96754004,8,61.62038283,59.64234943,9,63.2677659,0,10,59.5655165,78.17893867,11,69.98206925,71.1126216,12,76.80621385,61.82012502,13,0,47.16340741,14,33.63017356,7.556322906,15,47.80552398,79.61671967,16,54.03129034,17.23858623,17,40.37745471,59.22491074,18,31.86945977,56.88425506,19,11.48792692,85.65254097,20,66.69885228,76.02721981
20,24,1,96.4508509,25.25750925,2,39.14720494,42.69408539,3,48.0916809,39.14300918,4,35.56146322,7.601029254,5,62.66561427,59.93634421,6,78.34621536,77.40176523,7,37.34486349,92.10777248,8,62.3306319,64.03536084,9,64.25367524,0,10,57.3608241,77.08998598,11,74.60240941,66.3007425,12,77.8314229,64.33914608,13,0,49.15309122,14,35.99321489,3.868084449,15,43.53134216,82.75717308,16,58.66750627,21.66993045,17,41.46602154,63.07586067,18,30.37648702,61.46902348,19,13.14183489,85.58529365,20,68.57178263,76.14163093
20,25,1,100,26.5997177,2,40.29132024,41.84590553,3,51.18788753,35.02841016,4,38.57475724,9.578958575,5,66.66474534,58.88917134,6,78.98700448,77.93368484,7,36.17494537,87.9977484,8,61.13289008,61.07781234,9,59.59823897,1.375753264,10,55.57000727,79.11932047,11,76.38442203,65.23812952,12,80.62675773,65.34023166,13,0.078261684,49.33395421,14,32.91913039,1.567504397,15,46.99776119,81.88181603,16,58.10218066,23.96162596,17,41.87752947,62.74755489,18,34.60359973,59.94904217,19,12.63638034,90.39966904,20,66.72421333,73.4260773
20,26,1,100,30.39666886,2,44.73345072,37.05860257,3,48.26329235,34.37321428,4,36.52919489,13.63689442,5,65.74000282,62.41636445,6,78.01141212,77.90187931,7,37.92994617,91.48864772,8,56.63407094,58.69603393,9,63.77462437,0,10,50.81687858,80.96675488,11,78.18214307,60.3934033,12,76.47553948,68.70801727,13,0,51.60286812,14,30.51461935,0,15,50.77355969,82.73657916,16,56.82178731,21.88568863,17,46.32955617,59.27106093,18,34.6516378,61.78519789,19,14.62931198,92.56891509,20,70.13890213,70.0769807
20,27,1,100,32.4617192,2,48.26655785,40.48946939,3,52.8110706,29.83858532,4,41.44559819,16.49085922,5,66.08179096,66.31252858,6,80.51521376,81.5240369,7,35.25236217,95.84987839,8,55.45167567,59.11174256,9,58.95419323,0.188764852,10,51.22897342,76.31087295,11,81.60395621,62.13562345,12,77.75634526,70.13932574,13,4.448263847,50.02144967,14,33.58543653,1.777847993,15,55.40917048,87.56407587,16,60.10409262,17.35920068,17,49.93393443,56.28430934,18,34.88702559,63.17554488,19,11.06649092,89.07360308,20,67.64770643,70.0601035
20,28,1,100,32.79832372,2,51.29822981,41.54070281,3,51.43385583,34.33974711,4,40.31685343,19.67628776,5,64.33987748,70.46901475,6,79.27240568,83.62463186,7,34.56357432,99.25053015,8,56.36607472,58.38025759,9,60.66677969,2.750053323,10,52.42928009,72.908966,11,80.12610273,63.66311374,12,75.78083389,68.94990275,13,2.826618057,50.65968713,14,34.5466121,0,15,56.90981734,83.62216565,16,56.44127513,12.86013882,17,51.89225143,53.30104345,18,29.92966463,58.8270852,19,12.78317047,89.91131623,20,71.11886966,69.2841051
20,29,1,96.79379383,28.1337111,2,50.1329915,39.88127725,3,55.47341463,35.96895862,4,36.1088072,14.71064226,5,61.14255394,73.56288208,6,82.81735278,82.79050683,7,33.14305225,95.19683127,8,51.90619106,53.38156973,9,64.69511702,0,10,49.70256592,76.51514368,11,77.14317801,58.85302543,12,72.3791227,71.37317492,13,0,46.00301324,14,34.07606719,0,15,56.18577822,84.80532094,16,59.2539313,16.81071159,17,49.61905469,51.83481631,18,27.9194899,54.5104556,19,16.13566835,94.06815912,20,73.23443359,70.8595907
20,30,1,97.15816914,28.97049987,2,46.67808485,43.50803073,3,51.27028607,40.33639445,4,40.13088271,13.31988925,5,59.92778174,69.39146322,6,80.03563188,84.69678341,7,29.90823509,95.35315619,8,49.08951462,55.68461436,9,60.1384441,2.83804821,10,53.00275114,77.66077783,11,73.93920254,63.57365089,12,73.21354011,75.5196463,13,3.130256383,47.35000082,14,31.16934491,3.570769552,15,55.19907261,85.789783,16,59.03414265,20.08839229,17,47.31751662,49.50453734,18,24.26365554,54.22428224,19,16.47009115,95.04736048,20,69.66581703,69.2658804
20,31,1,95.5593319,29.54761656,2,51.12129633,47.64293497,3,48.44476201,41.05583424,4,40.12934928,17.21265669,5,57.30770249,66.21328688,6,80.56004848,85.98721377,7,33.23554523,98.4884516,8,49.62769773,57.99233829,9,58.12702948,4.179688072,10,55.59023135,73.72804447,11,77.3059432,60.99821171,12,74.15195715,77.98615217,13,2.753366339,47.44492617,14,31.12095328,0,15,58.6154459,81.15648566,16,62.90920685,15.88517057,17,49.44210969,46.24091495,18,21.84922066,54.31782202,19,15.05650896,92.51638222,20,67.63412812,69.91989632
20,32,1,95.57458975,30.25172262,2,46.94495711,46.80453029,3,46.54376211,40.5244035,4,41.91915285,12.41764528,5,59.00995601,61.79714035,6,79.20638516,88.0895053,7,31.19283803,100,8,52.94045937,55.68167122,9,60.24859008,5.618888999,10,54.85858037,76.74706293,11,76.33678921,57.59609776,12,73.49841194,77.4524836,13,0,44.75413877,14,34.11106571,0,15,57.57986116,83.66425969,16,63.41912177,16.08854319,17,48.76641041,41.39650454,18,18.3743164,51.24389736,19,12.44958904,90.12173066,20,65.84466145,66.48439045
20,33,1,90.70344359,34.48154719,2,43.70614828,47.47253479,3,47.65692241,37.1749622,4,44.18229715,12.91609019,5,56.18273313,62.72873429,6,78.95379539,90.1075706,7,34.51081729,100,8,55.58733286,56.67354454,9,62.97354735,3.537893438,10,59.77959306,76.55771588,11,71.55662536,56.83980629,12,76.89997185,76.4263329,13,4.508548157,43.54330984,14,34.75032445,0,15,62.03870845,83.45936413,16,61.77378735,14.03139992,17,49.0921542,43.61058304,18,20.37903696,50.35139011,19,16.52588199,85.37337581,20,67.61837375,65.1428301
20,34,1,90.44266035,35.96197825,2,41.00282496,49.06681725,3,47.96152799,40.87205881,4,47.44656734,13.78606709,5,54.55976237,60.40698955,6,74.92972958,91.29855603,7,31.44151964,97.87113654,8,57.77725482,58.3083477,9,67.49568663,4.031192934,10,63.86119961,74.02667095,11,74.14677083,54.05695494,12,77.57593835,81.27861705,13,3.308805864,47.22299846,14,32.39560375,0,15,65.7535371,85.52962198,16,63.17951658,12.24115586,17,50.72604019,48.58139113,18,20.857813,49.35945947,19,17.66416512,84.3160324,20,71.81482106,67.24560764
20,35,1,94.87020928,35.78764411,2,40.45063924,50.54528646,3,49.50863989,39.15925077,4,48.33586766,8.977992338,5,53.5000851,64.87265719,6,72.80823327,95.82570268,7,36.02571962,99.58606879,8,59.45444993,58.89055663,9,66.42208454,1.698992339,10,64.40006811,75.66691856,11,70.77966843,49.8665268,12,81.76634342,78.95318693,13,1.6171089,48.90324069,14,30.4022407,0,15,62.10365989,83.73457525,16,61.01102418,15.38012874,17,46.53540068,44.4061937,18,25.19313837,47.65898228,19,17.0062306,80.93086834,20,67.00538876,65.95483757
20,36,1,96.1463543,35.51366187,2,41.15369091,54.47930705,3,50.72100021,39.40026926,4,48.25143093,10.99308123,5,51.89775501,62.56072593,6,75.92757495,96.33523001,7,35.57723444,99.4551558,8,59.74460837,59.52637113,9,64.21529636,0,10,62.56029731,80.17879918,11,74.11249336,51.71922311,12,82.31362528,81.52370498,13,2.744970856,53.88573992,14,33.65612721,4.824702316,15,61.7344997,81.86584856,16,56.24151418,19.78427797,17,44.55994766,39.69003265,18,20.30887452,43.65479379,19,12.18943079,80.33825767,20,63.25880169,70.43258924
20,37,1,93.83006104,37.524344,2,38.43583422,52.40561868,3,46.91008904,36.04613374,4,49.02193522,12.01330055,5,53.86491162,60.49083981,6,74.93695493,99.40391843,7,39.32311907,97.92588994,8,59.15755445,64.28838957,9,61.05946101,4.593664646,10,66.37204239,84.94133443,11,69.94046948,47.53326784,12,80.63761504,79.13640091,13,2.786636029,50.83936999,14,31.10917285,3.052191165,15,64.34175676,83.25055148,16,54.18984679,24.12399879,17,41.95410445,35.77673412,18,20.01127304,39.32791062,19,9.548027337,80.33780216,20,66.14950796,67.14952679
20,38,1,92.41517615,38.37957612,2,38.56408831,48.45411605,3,49.65121754,36.48485555,4,49.3157482,10.2872719,5,58.74012793,62.75551548,6,76.71198678,100,7,42.67814914,100,8,60.84049076,61.11880542,9,57.85124934,6.026039376,10,69.45220625,82.32602276,11,69.52273489,43.70132299,12,81.85111202,83.59495543,13,3.200143532,47.14661958,14,32.54578989,0.758623666,15,61.56554007,87.52672554,16,56.51191512,23.46361315,17,42.07967026,32.35362492,18,16.88850664,39.88418146,19,12.29355703,78.46398179,20,61.90170067,62.64607979
20,39,1,93.36096435,35.63689378,2,42.92826857,49.78237292,3,44.90501723,35.81643194,4,47.82540475,13.03754785,5,56.1824065,64.83403956,6,77.35399373,100,7,43.33424763,98.79775912,8,61.13583178,63.94625607,9,57.94305606,9.146351556,10,72.66094278,81.8342847,11,65.97615799,41.3880072,12,86.11445873,80.25865533,13,3.025636492,45.71453302,14,29.47021143,0.125359524,15,58.33142263,88.5826126,16,51.99020385,25.69440714,17,45.63913804,31.33100568,18,19.59700367,42.03829806,19,9.158831801,82.28901303,20,61.02005714,59.12706982
20,40,1,90.01084067,33.23709109,2,44.74202108,46.46290358,3,44.14005332,34.63531432,4,43.39443343,15.38357248,5,56.57288828,61.53851486,6,73.76478151,99.84805616,7,47.67478656,100,8,61.32873154,60.85748048,9,59.35655793,5.038915127,10,72.1027555,81.22773926,11,70.26252532,37.75242436,12,87.10735021,77.09719926,13,0.109545272,47.24214669,14,28.77508212,3.894655612,15,55.92900804,93.29188732,16,52.31180807,27.4814888,17,41.47383039,33.95483477,18,18.34772455,40.33559981,19,12.84047324,80.55546686,20,57.95811276,62.4020341
12,41,1,87.58074146,38.20940418,2,45.1399813,50.70816931,3,45.60967835,36.15813019,4,48.09020669,10.54831239,5,53.5698456,63.85626317,6,73.66364142,100,7,49.58066961,96.71419143,8,58.73496611,56.52070379,9,63.06910751,4.442063328,10,69.36584264,76.53561509,11,67.63445428,33.0677007,12,85.5325692,80.8893752,,,,,,,,,,,,,,,,,,,,,,,,
12,42,1,85.7349259,35.03489647,2,42.91161471,47.62026905,3,50.11165276,31.90574255,4,46.21695043,14.1847029,5,50.98959192,63.27840884,6,78.37392059,95.96750617,7,47.47779516,98.80126276,8,60.67141684,52.3442662,9,61.18931159,5.500991082,10,73.02677363,79.98177368,11,66.82134658,36.7267504,12,87.56320925,83.38611379,,,,,,,,,,,,,,,,,,,,,,,,
20,43,1,82.20077251,33.73123808,2,46.40909458,44.77431094,3,54.20256498,34.27871343,4,50.169488,13.72589331,5,54.41062057,68.03928422,6,79.06157994,98.43115025,7,44.1835528,98.95665391,8,60.14211649,52.86795045,9,57.76991524,7.639886758,10,75.38150916,79.6217723,11,71.73856533,33.56991473,12,82.89449117,79.0201678,13,4.478733647,44.48936421,14,27.90545983,10.54088554,15,50.08009268,88.51278653,16,53.5174606,27.01981435,17,47.92463343,38.90948174,18,17.54552297,48.69848138,19,14.7021313,88.98194333,20,48.19438832,54.8920672
20,44,1,84.39730325,36.32043353,2,46.95210284,46.54664708,3,50.96181778,37.7689533,4,47.08025759,9.38535697,5,52.50241111,67.87634188,6,83.43937356,93.64518968,7,47.58184362,95.24958863,8,59.71731895,49.95983176,9,57.27118775,8.75621905,10,74.20039156,77.07142657,11,68.93545858,31.87611785,12,80.86990053,76.77812101,13,9.199220701,47.79315313,14,28.32919001,8.452160053,15,54.52852256,85.61827025,16,51.84859139,25.78603877,17,52.57709905,41.43031791,18,22.36618769,47.26493776,19,12.44910024,92.92429879,20,50.02933085,52.5173654
20,45,1,81.61464604,35.65166118,2,44.24734442,48.99078123,3,54.9797086,34.38211485,4,43.549655,9.040455427,5,56.39642063,72.06348086,6,88.10060444,91.87421136,7,44.69255867,99.13288971,8,56.49418182,52.5645938,9,61.6788366,6.427387149,10,72.04469357,74.10490753,11,72.13397565,31.45789381,12,82.85096846,77.27369534,13,14.16493104,45.38748141,14,30.15877658,9.323296989,15,51.30005881,88.4210232,16,49.86851722,24.24707909,17,49.17202391,37.64302122,18,25.78630274,44.8166596,19,7.530614658,89.88269097,20,48.48684672,48.81207398
20,46,1,77.21311905,32.55015974,2,42.84432721,44.55728451,3,59.8658393,32.50324058,4,46.66773079,4.464233021,5,52.74661414,70.08855177,6,91.52985174,94.14418883,7,46.19486106,96.70042498,8,61.11612129,50.8058603,9,60.19611609,4.184813374,10,73.24807489,78.61513772,11,70.12648209,35.99778906,12,81.45336283,75.79647095,13,11.72830434,47.792742,14,29.90313446,10.4140441,15,51.80351565,87.71492562,16,46.20753261,21.66718331,17,50.34204518,37.87949481,18,26.346984,40.79058903,19,7.925224188,87.47018957,20,51.59630466,46.80332047
20,47,1,76.42499183,34.73443279,2,43.23528992,45.28819152,3,57.9204608,29.51420868,4,45.97104446,7.119618248,5,48.46644123,71.20257279,6,95.87787638,89.52592212,7,45.04103886,100,8,58.45053273,51.36606966,9,60.45180748,0,10,74.8545028,83.60496071,11,68.31528166,31.53322306,12,78.43618021,74.48048366,13,8.00388985,49.20157839,14,32.56150572,9.62409347,15,46.93520953,86.13874059,16,45.16539134,20.67032158,17,45.90696839,39.5230434,18,26.85668427,39.38711542,19,7.919220783,90.88350085,20,52.06047148,46.55696658
20,48,1,78.8029481,34.4511692,2,45.70713036,40.79069973,3,61.69437333,31.13628065,4,49.88009411,11.38942948,5,45.18434252,71.2248276,15,94.93939659,85.27786241,7,49.33962498,100,8,56.816781,50.65768408,9,58.43465965,0.722741042,10,73.61397963,85.82299473,11,65.22276213,34.81953464,12,83.13850518,70.23818282,13,7.013663527,48.22586021,14,34.26214176,4.999692677,15,49.97101893,81.34035331,16,45.76867921,24.00841728,17,48.86959461,42.7287587,18,28.64511353,36.0245075,19,10.65986421,93.74597584,20,55.62861774,42.01203375
20,49,1,79.6802354,31.05066044,2,45.74780679,37.22282322,3,57.62984203,30.04544347,4,44.90419397,14.25032478,5,44.03379082,67.16691665,15,98.28846261,88.28277102,7,48.59525557,100,8,55.01963687,45.867631,9,54.44036748,0,10,70.63024849,85.23228268,11,61.13008746,31.84984063,12,78.7989219,72.00179863,13,9.98824512,44.73759904,14,33.16465985,8.423174714,15,49.40003487,82.65780436,16,42.79040261,20.64466919,17,51.27998541,39.05204682,18,26.43882282,39.7575174,19,7.964007268,93.81593357,20,51.00426874,45.24561211
20,50,1,77.29022307,35.24720616,2,41.81357992,39.49386926,3,59.69312201,33.14959286,4,47.45551349,9.758643701,5,47.44895906,69.38956343,15,96.35405436,87.20408801,7,45.12459259,100,8,53.81232887,46.41035032,9,57.57897723,4.498358755,10,73.2903883,88.38086795,11,58.59194503,28.89656356,12,82.6673271,67.65610161,13,14.95082489,48.80504001,14,32.90006487,9.027787819,15,47.41784593,85.39002754,16,46.8764491,17.00393036,17,51.19011193,38.53694058,18,23.63721989,36.86458821,19,4.528387485,91.5657708,20,52.59602734,49.10164348
20,51,1,75.7050813,34.15027126,2,38.7651886,40.95966256,3,58.93533205,34.24937628,4,43.40549001,5.085391875,5,46.59990244,71.53173852,15,93.58589517,88.83731459,16,43.92415336,100,8,58.13120414,46.06430663,9,55.11539139,6.318617772,10,71.45067365,91.09361696,11,59.85202492,30.67649674,12,82.08434004,71.6161179,13,15.72153342,50.26892345,14,35.56066707,11.32516713,15,52.35605729,88.32538504,16,43.20956363,15.6855259,17,51.94955707,38.42449504,18,24.56715351,33.35393182,19,6.090951183,86.82180132,20,53.90541297,51.97301071
20,52,1,76.53848451,33.02075135,2,36.82936617,43.89914633,3,59.16517135,37.9088591,4,47.29497866,7.127665161,5,43.65126691,71.70380985,15,94.30080681,90.20039345,16,41.46056634,100,8,55.05597553,41.62592547,9,53.30352587,2.377287666,10,76.01791378,88.72660369,11,57.28545205,33.32766587,12,86.38603615,74.04236442,13,16.98820846,50.855306,14,35.36922507,10.68042322,15,48.04917208,87.20099723,16,42.11459031,17.16010354,17,51.21243219,34.61370593,18,23.26532549,32.36286527,19,2.195739457,88.85394269,20,55.11411694,52.76984203
19,53,1,74.01312114,36.17570826,2,35.43424098,45.08554378,3,56.49312976,41.46227215,4,45.21959479,3.176405657,5,40.839837,70.6324967,15,96.49815176,93.29451486,16,40.14978733,96.24379599,8,59.44633783,37.78259481,9,56.87545668,3.823736267,10,72.75767364,89.71509379,11,54.22866153,28.43467394,12,88.46589734,73.17587827,13,16.76660215,54.95794265,14,37.68842386,10.95865471,15,51.83441531,89.5990743,16,38.81769638,20.34032943,17,52.72290387,36.52913277,18,24.66274035,37.0691935,19,,,,,
19,54,1,78.80925887,37.76214795,2,39.29088872,46.94826875,3,54.27790377,39.32530284,4,48.05512421,0,5,38.31592176,67.76325285,15,95.83165952,92.71713969,16,39.10465328,98.03955324,8,64.41909377,38.10876561,9,60.33266854,1.031780962,10,72.7254033,91.65953864,11,51.81425376,27.26179331,12,86.60930039,74.7857742,13,13.31965989,52.22574586,14,41.89726137,10.38557751,15,55.67537299,90.40034264,16,36.9173327,22.75574713,17,53.73743836,35.2710055,18,22.71240602,33.22612297,19,,,,,
19,55,1,75.03393216,35.66464238,2,36.54487321,42.67516449,3,53.06954489,42.46143105,4,45.00259045,0,5,34.27297412,65.52203755,15,92.58425941,92.07709638,16,38.40323305,97.6939684,8,64.38151331,34.80735801,9,60.95909491,0.976584522,10,71.51526787,87.24102887,11,47.18724025,30.26226611,12,86.74461077,72.31870439,13,12.85155805,52.44444583,14,42.82288897,13.59538904,15,55.4535867,88.72323569,16,32.48790487,22.18874026,17,49.60656295,38.79054167,18,20.75250195,28.87452547,19,,,,,
19,56,1,74.77755727,38.83005469,2,33.56197958,40.47866655,3,54.33785906,38.7823232,4,43.27929752,0,5,34.52086082,63.6805335,15,95.62758226,93.00893838,16,41.54350658,94.48101853,8,63.57689938,34.89036285,9,58.42632398,2.677314498,10,76.09563486,89.34680475,11,49.96931262,35.24751106,12,82.86481359,69.59468266,13,11.96424691,53.51194157,14,39.61857571,11.14383913,15,57.22261077,89.07733941,16,34.75781106,20.49420303,17,48.34107612,40.43360705,18,18.34965214,29.46385224,19,,,,,
20,57,1,71.61009289,41.46505656,2,38.48751528,40.73091994,3,51.33161931,42.60613177,4,42.66992867,3.267018795,5,35.77547993,59.36603908,15,94.07056158,90.03486473,16,40.45313971,96.06290382,8,61.61394853,36.31711801,9,58.84797737,4.339908709,10,78.25752642,87.83300744,11,46.38124431,31.95963937,12,87.39915446,67.03826476,13,7.569835261,54.91406934,14,43.80795768,10.67752086,15,55.35736933,91.48903942,16,38.65809769,22.06331013,17,43.59513789,40.38867372,18,14.49985205,32.17392981,19,2.136236693,80.80407309,20,62.82954201,44.04817493
20,58,1,69.26730671,39.6411266,2,41.0943936,38.02993346,3,55.65702832,40.26213468,4,45.46625902,6.352725266,5,39.95451513,60.43095427,15,96.08245522,89.10220337,16,40.99442285,93.44328182,8,58.25620513,33.35790818,9,57.59937929,7.756649303,10,82.56635618,88.30813431,11,41.93134084,34.63026509,12,90.86280901,64.15266847,13,3.192424655,54.85518986,14,42.26609632,13.63859917,15,56.83510445,91.10844067,16,35.33821806,25.54417329,17,45.85299923,41.65832,18,16.22432439,29.51729218,19,4.535021437,81.14927524,20,63.68504978,48.80990454
20,59,1,73.28547913,40.71252427,2,43.12046944,42.6862418,3,53.31587873,42.38040178,4,45.6369998,9.015842825,5,44.66168216,61.84093044,15,97.21489504,90.03534145,16,41.78438711,95.23155553,8,62.78852874,38.27687198,9,60.54234544,4.588512666,10,83.83635271,93.00260988,11,38.09948973,38.41689416,12,93.09649228,67.76964023,13,3.009393408,51.37948938,14,39.54357778,13.5692138,15,58.97408814,94.93682092,16,36.32136276,25.98174064,17,46.90083793,45.43707803,18,19.95151077,24.92943869,19,4.122475223,82.20131692,20,62.16948557,46.19063827
20,60,1,71.4762815,36.38713407,2,47.33530698,38.25100202,3,49.47033231,42.54532084,4,47.00029499,9.37565405,5,43.32498441,58.02462253,15,99.95611054,94.33732308,16,38.31023046,92.20554879,8,65.485056,34.58751043,9,63.83051352,7.735614158,10,86.5811269,95.70938845,11,37.56312376,35.26497972,12,91.49192112,65.23840883,13,0.017782632,47.26853092,14,40.48333895,10.2504466,15,59.41685296,92.44575385,16,39.32692867,27.61518574,17,46.37206854,43.65687818,18,18.92754825,22.33441678,19,0,87.1186236,20,61.338088,48.86275049
20,61,1,74.38517351,32.70823249,13,44.40368027,33.34573497,3,44.64996888,46.78386414,4,49.31555006,8.390841124,5,40.17573802,55.77055511,15,99.98379605,97.95196364,16,38.49422253,89.00247144,8,69.58581983,32.40609259,9,64.55564804,8.926178728,10,84.44404438,97.51840015,11,36.55023461,35.4673083,12,87.27508148,68.7781174,13,3.821046351,43.88483724,14,37.17426406,14.84666785,15,56.04687965,88.78009226,16,35.54118523,32.18644126,17,50.33994974,40.38951741,18,19.32943636,19.4990482,19,0.779770336,86.94529669,20,65.59621367,46.27457143
20,62,1,73.98991234,36.52080302,13,41.3046672,30.47338729,3,47.58759885,44.80628515,4,48.54664233,3.757351219,5,42.03785292,59.52663712,15,100,95.73462712,16,42.81282184,84.79733407,8,73.74004528,33.16081117,9,64.24065843,11.23941129,10,85.92272804,97.51111876,11,32.39276163,39.56964178,12,87.77624047,65.42934697,13,0.501266952,40.1127682,14,33.79526285,17.67400189,15,53.3216655,91.04272643,16,38.68490056,36.17236396,17,46.67393129,41.16417922,18,20.30029405,15.48425661,19,5.235832419,87.41785673,20,70.28176719,42.11251879
13,63,1,77.97615592,31.81738502,13,39.13290136,25.80075945,3,46.38121753,47.57103737,4,50.33636589,7.410482007,5,41.23950014,60.06415369,15,100,92.54848416,16,40.51909891,88.81895402,8,76.95166215,30.92798256,9,63.38371649,14.80629471,10,83.02975892,96.79021529,11,27.46841111,44.21525579,12,86.34689749,61.41558001,13,,,,,,,,,,,,,,,,,,,,,,,
13,64,1,77.42625345,30.641295,13,39.09282523,24.91915053,3,45.72207665,42.83500237,4,53.96955435,10.15312977,5,44.83726936,60.92530455,15,96.02529452,94.37374637,16,36.07935729,89.58834258,8,73.03808129,32.61450378,9,58.61543598,9.901425357,10,86.9977083,92.72981311,11,31.87289204,42.87944857,12,87.37179688,59.39990207,13,,,,,,,,,,,,,,,,,,,,,,,
20,65,1,80.52319161,28.9259179,13,39.56020691,19.95073242,3,49.41768575,42.32896906,4,57.7998891,10.44085922,5,44.19563309,60.54996371,15,98.65463233,95.32138094,16,38.44844329,90.96642587,8,71.53625113,29.17545078,9,55.15624456,9.253648756,10,85.38198285,97.13182737,11,32.04657139,41.38767192,12,82.41436384,55.01038779,13,3.198920156,35.87645864,14,32.44329215,11.38812025,15,51.16918715,94.2858273,16,42.38866389,34.06302948,17,49.05776014,31.57740213,18,17.64820132,19.94816757,19,1.56595733,85.47034013,20,65.44371555,43.2319014
19,66,1,78.22733272,27.39635289,13,40.3924542,19.91176923,3,47.58875049,37.726673,4,61.39622998,6.027165131,5,46.36027931,60.12987768,15,100,96.56545696,16,38.47789188,95.30034386,8,70.87557534,30.53550052,9,55.31862041,6.309077818,10,84.20364949,97.40150169,11,34.44703532,39.57598303,12,83.6321703,53.3511677,13,4.300163607,36.84373339,14,29.69607585,6.878328378,15,48.96041745,95.8826625,16,45.67536369,35.15538256,17,45.44069419,34.38519898,18,13.64095284,17.24734899,19,,,,,
19,67,1,82.84738881,29.00544815,13,45.22223108,17.55459293,3,45.16937647,37.19474446,4,63.81091134,4.020341692,5,49.55623742,58.84352054,15,100,100,16,37.15033457,94.87272608,8,68.85203883,31.43599072,9,56.90210994,6.564689227,10,84.575708,98.40022001,11,31.45489626,44.37461189,12,82.89780792,54.21004074,13,8.146679434,40.80214077,14,28.66139598,5.509204021,15,44.83917865,93.08566886,16,44.34056505,33.43553005,17,46.84239664,35.57493491,18,14.8075681,14.95045594,19,,,,,
20,68,1,79.8278152,32.92014168,13,45.39300698,18.27609851,3,40.61689382,34.05978293,4,66.14117141,4.413925773,5,51.26105287,54.01911964,15,100,100,16,40.42874934,96.80440459,8,67.58638623,33.59830648,9,57.57556187,11.29231124,10,89.27035542,95.40251424,11,32.1156358,47.32762296,12,78.3124554,54.63454527,13,8.590971477,38.67455774,14,27.05755659,5.780966591,15,43.04074569,90.79039038,16,46.38953042,33.4818279,17,42.3016758,38.54068245,18,13.48931875,14.69827512,19,2.612110123,85.08427358,20,70.96846067,47.69341496
20,69,1,83.54719225,28.93857865,13,42.59075604,15.87874636,3,41.96911745,31.61960098,4,65.02418368,0.193098511,5,49.69795514,51.9774756,15,96.94453671,100,16,37.93988631,93.55338495,8,63.69715378,30.59227267,9,62.06158666,9.284939942,10,84.91239032,100,11,28.84662562,50.36071958,12,74.78581668,51.2483192,13,8.834962965,39.30666186,14,31.30760796,4.008946519,15,46.8598839,92.99200966,16,48.01516566,31.27652665,17,44.62139329,34.87106262,18,10.63010679,16.20503409,19,1.827296458,87.15388377,20,72.638138,44.22218345
20,70,1,79.6555201,24.03159532,13,40.68981394,20.13015625,3,46.03303709,32.85029797,4,69.41031397,2.139643416,5,53.3782692,54.6333863,15,96.92437036,95.49715837,16,34.68655605,95.60454519,8,66.23155948,26.21037617,9,57.8019344,12.43385877,10,86.13282783,97.36567387,11,26.21698568,46.06857335,12,72.8008785,52.97952542,13,5.945718718,39.89461473,14,34.03148602,5.459926767,15,51.74008257,95.85894158,16,43.60206188,29.91370791,17,41.66916228,38.79108493,18,9.847648944,19.04221771,19,1.851646729,87.59391859,20,74.49662668,43.29176067
20,71,1,75.5090378,28.89779851,13,43.06466929,20.09114445,3,49.59412183,28.44975371,4,71.04775635,0,5,54.48763737,57.29811837,15,94.16784671,91.63602062,16,34.70142945,99.13534941,8,69.78134715,22.87037142,9,61.27882739,10.00344586,10,87.94489355,99.79128173,11,22.68851939,43.98191795,12,68.96322045,57.84622705,13,10.26263856,35.49446765,14,37.57441618,0.607494227,15,47.30830453,94.19433035,16,39.2180137,34.88406405,17,42.67593629,43.4565807,18,5.1945339,16.42469106,19,4.353079681,83.76315602,20,71.41094693,40.71020816
20,72,1,71.84495319,32.28539336,13,43.2803795,16.83193435,3,50.24423857,28.36757262,4,74.73026971,0.936332774,5,52.73845272,62.0865617,15,98.33562511,95.70886087,16,30.6980543,99.96640815,8,66.47130022,22.94739072,9,62.47480976,14.96210528,10,84.4404757,100,11,20.54938626,41.25560644,12,73.9625002,54.90529395,13,9.407373678,37.98535222,14,34.42623457,1.653210258,15,48.29591756,90.72310947,16,43.27079597,31.69504273,17,46.9802427,42.9392772,18,8.599640096,17.82332474,19,8.680070404,83.48117658,20,71.12923126,41.86908717
20,73,1,73.59368928,30.10939183,13,47.0991906,21.37864235,3,48.04142402,33.29392115,4,77.17689324,3.471614929,5,48.4934384,65.61767886,15,95.18871528,91.9303792,16,26.82970844,95.42729109,8,70.25848724,22.45214147,9,60.55016812,17.45967373,10,80.15240043,100,11,16.55522607,40.65881891,12,72.11357556,57.89420316,13,14.37762131,39.80667288,14,30.93061991,3.898358475,15,46.72134845,93.14134487,16,45.46987514,33.4924251,17,42.97956611,45.20918874,18,12.41170692,22.52580428,19,12.52923443,87.4601505,20,69.52806518,40.18250873
20,74,1,68.97580456,31.5975436,13,42.35655906,26.1547729,3,46.43410327,35.58041773,4,74.62406046,2.596530242,5,48.91870381,69.99863301,15,96.12304593,87.44830103,17,31.80432413,91.68347005,8,71.59459593,26.84852394,9,55.60572638,18.69868292,10,77.49337947,100,11,16.46854558,38.22478129,12,76.38542065,57.23438367,13,14.76081532,37.74433758,14,28.19185138,8.329282098,15,49.60945793,95.93377524,16,44.06139658,33.56601699,17,41.28021351,47.168638,18,14.48988611,22.46454287,19,17.03395532,83.34164982,20,68.9927904,35.68534454
20,75,1,69.59508241,28.19313267,13,45.19510299,23.85982518,3,42.76102925,36.71543206,4,79.02438816,6.600294418,5,44.66756326,66.12143449,15,100,83.87529501,17,32.21512486,90.6609927,8,68.25862239,31.11012171,9,53.68857316,17.29208457,10,81.75537351,100,11,15.85020705,41.73961116,12,80.38146563,54.26829857,13,15.6342518,33.84835487,14,29.92961113,6.340792771,15,49.40810704,91.48723272,16,40.41885618,32.63065931,17,42.93586512,47.55339756,18,15.18388789,19.7660679,19,15.27706352,82.72838594,20,65.70249042,31.92393488
20,76,1,70.75166355,32.26878797,13,41.89330788,25.56807825,3,47.33801369,33.59023836,4,82.01158147,5.677171658,5,49.29915702,63.73635621,15,100,87.47169575,17,28.3886602,91.34228304,8,72.18711299,32.74436203,9,50.91063978,13.43840708,10,78.3435792,98.54874315,11,11.64765305,37.34189263,12,77.29431296,57.23903173,13,13.23241216,38.79698724,14,26.1977111,10.84529176,15,49.00233,89.29704692,16,44.69427062,34.56935106,17,45.42416109,47.88232893,18,18.18461951,23.73040342,19,18.20112432,80.96144354,20,69.51999497,35.92799338
20,77,1,75.26654742,33.29404615,13,40.69466538,26.44324951,3,45.52683066,32.3440255,4,79.45683553,5.055646796,5,49.53699018,61.06911794,15,100,84.14971231,17,28.17408428,86.85984333,8,71.79073723,36.43937906,9,48.61870367,9.819333294,10,76.41988395,97.67968686,11,9.743851567,37.8395787,12,76.44708359,58.372428,13,12.63776755,41.09810161,14,28.16649252,14.99575086,15,46.68710532,85.81422278,16,40.35387931,38.55745256,17,44.7098732,44.62624165,18,14.86613394,23.32749529,19,20.88869993,79.27558941,20,69.14332551,37.37437077
20,78,1,78.62526409,35.6276605,13,44.67080838,24.79803883,3,41.13301235,31.13063061,4,77.64805814,4.254893901,5,51.69631971,59.06764618,15,100,86.41728443,17,29.80468936,82.64521052,8,72.32162535,36.46577059,9,52.71966792,9.972746,10,72.24658456,94.09045332,11,11.69774944,38.77546428,12,74.28312669,62.02397347,13,10.01191203,39.90615455,14,25.54453139,11.3745806,15,44.98717508,88.39603546,16,39.22704982,36.88264972,17,48.0615243,46.70683719,18,11.76356607,24.55050011,19,24.15217561,78.67218149,20,71.16966204,36.05635596
20,79,1,73.78079472,37.15228893,13,47.13161848,25.22279722,3,36.72409463,34.31734241,4,77.63380767,6.777394372,5,52.04835584,63.11282232,15,100,86.86517509,17,34.76374601,82.14542633,8,69.25102949,33.48430945,9,54.93039629,9.601511388,10,75.71009678,89.30426832,11,10.3670386,43.60750451,12,77.64206797,60.13163333,13,11.24975187,43.62795038,14,21.62726872,7.561051752,15,45.39946039,88.92978914,16,40.6856078,34.26562732,17,44.01498396,44.20291637,18,12.60157767,24.20638577,19,19.48717225,74.64685975,20,66.81506144,33.1043508
19,80,,,,13,49.4109168,25.9306823,3,36.74576824,31.63224345,4,78.1453042,5.042517278,5,51.09177067,65.11517845,15,100,84.32401218,17,31.15998209,83.56084864,8,65.25213091,29.04051268,9,53.86784866,8.515753978,10,70.7988662,91.5105083,11,10.89837085,40.11352131,12,80.04099943,59.67086174,13,9.869583085,45.86305014,14,20.0882346,12.04443608,15,49.20200723,85.71550449,16,35.75876524,32.69902079,17,41.42088496,44.09463634,18,16.33403144,19.89298033,19,22.38902533,74.38840515,20,63.25370464,28.365311
19,81,,,,13,47.19208879,25.01430314,31,32.19356417,33.86649017,21,77.2318851,1.827402838,5,51.25204744,68.07047919,15,99.35628838,80.88837251,17,34.46514018,84.06841344,8,62.94754052,28.94331367,9,55.78218337,7.888233638,10,70.51588102,95.04103048,11,13.51634905,41.3444483,12,79.20209905,64.41165977,13,10.43914286,44.71462025,14,19.00220017,10.63578574,15,44.31542536,81.48332472,16,37.63252605,32.00120718,17,44.00640132,41.49829797,18,18.92869289,24.37913329,19,21.51914021,72.93815065,20,62.82781635,28.56921363
19,82,,,,13,42.94118884,27.2538463,31,30.54862068,30.44511305,21,73.20112345,0,5,53.21762998,65.46285873,15,100,79.6501444,17,38.40779575,80.25562241,8,62.06897497,26.33996785,9,53.01636277,8.690509924,10,66.87217977,90.50627188,11,12.6494025,40.78534374,12,74.64600754,60.0895435,13,6.606198853,44.08230783,14,14.84716543,6.051594885,15,40.18879664,81.43814313,16,37.09716361,35.90322447,17,41.90685361,41.20520675,18,22.95414527,22.98298728,19,19.13081089,74.51655658,20,65.78580512,32.06440763
19,83,,,,13,45.66213385,28.33188312,31,28.01227779,30.56347851,21,72.49966767,0,5,53.36867022,68.21209773,15,100,77.78226481,17,40.78876805,82.5939253,8,61.93446525,24.84066982,9,53.68448573,11.87018823,10,63.47023524,91.470545,11,14.3564322,40.66404495,12,73.85114375,62.33166672,13,5.591505685,45.84146006,14,16.57959244,7.555126093,15,35.40354278,78.97554421,16,38.91731445,39.23046223,17,37.72339222,45.94057461,18,27.91576963,24.14985619,19,14.22505458,71.70380062,20,61.51480363,27.8214391
19,84,,,,13,47.83981287,29.72922094,31,27.9476762,26.89165869,21,71.67047521,0,5,52.10413342,71.90647346,15,100,77.53888828,17,36.36551236,79.88693596,8,59.86228813,26.12759861,9,50.65483148,12.12972771,10,61.35317163,90.22195169,11,10.24820614,41.46279934,12,73.29892481,57.98241117,13,9.513394964,49.37963582,14,13.50176541,12.04731909,15,40.27606167,81.90139622,16,35.85104169,34.73849658,17,38.1256965,42.76529386,18,23.33857096,21.17946808,19,13.19894477,67.8119343,20,57.57044949,23.72943745
19,85,,,,13,46.42500843,28.76979526,31,30.94104895,29.64690619,21,71.06521581,0,5,55.54513258,72.56747633,15,100,77.01458113,17,33.25561188,83.89893724,8,62.44141706,25.67574659,9,49.39858502,8.677853552,10,64.67077925,88.65021067,11,12.91486659,41.72729538,12,77.64235069,53.97740458,13,12.72182236,53.05634516,14,12.0811721,11.40972574,15,37.54527001,79.2555242,16,39.04929519,32.5878829,17,35.5915736,39.71710427,18,19.70820136,17.33899786,19,10.83452849,69.97694654,20,58.31000386,19.34581405
18,86,,,,13,48.12063103,25.44131429,31,31.20791061,31.35394562,21,72.46908255,0,,,,15,100,73.58446201,17,30.1415064,87.39338114,8,57.49700869,21.35146949,9,48.8319656,5.760220036,10,67.131073,84.17044263,11,12.56888819,45.36974767,12,76.91797665,58.75930882,13,14.18769812,48.37207933,14,10.23436192,13.57925026,15,32.69697971,82.35479186,16,34.47504944,30.20613372,17,39.07296508,42.73698703,18,22.92127997,12.60154066,19,8.800477369,69.54504406,20,56.18965548,22.00202008
18,87,,,,13,45.82746189,26.14442853,31,33.45997829,29.94899884,21,77.38507425,2.867879477,,,,15,100,72.90872459,17,31.08987455,90.7417491,8,59.26994129,22.25182504,9,46.25419011,3.728070684,10,70.48762913,79.65990843,11,8.145329283,49.09589397,12,80.51529025,61.90851691,13,11.52476848,45.76130825,14,8.763328511,17.95432882,15,29.89546941,79.86066367,16,39.32361739,29.60082425,17,36.96718583,43.33013537,18,21.67498396,10.56747858,19,9.242411707,68.73741645,20,60.17515914,24.16208861
18,88,,,,2,50.06993872,21.28828721,31,29.77125638,31.31139809,21,75.5221707,0,,,,15,96.37059987,68.76675954,17,30.81308095,89.84885667,8,60.99280008,23.29071661,9,43.36174221,6.691897841,10,72.90691918,77.86401546,11,11.31367472,51.05356256,12,77.60305299,58.98496553,13,6.641348164,45.52280513,14,9.010766954,16.78921798,15,28.6896453,83.9234907,16,42.3745028,26.40131787,17,38.31484806,45.95792928,18,19.46953372,12.80584356,19,7.99291005,71.33101504,20,57.29315125,23.07881629
17,89,,,,,,,31,26.9834924,35.9382987,21,78.72807077,0,,,,15,96.80383712,64.7806251,17,26.32362255,89.32597513,8,58.51877251,20.00157983,9,44.49432416,6.569904037,10,68.93320036,77.96426734,11,10.10681275,55.5590082,12,75.05234663,56.99270076,13,2.231777799,44.44103011,14,13.11291025,16.75863101,15,33.38500313,81.86750241,16,46.88408929,24.0832779,17,42.46655531,46.2503552,18,21.38901154,16.66917092,19,12.78469952,76.28707838,20,60.70272318,24.7163473
17,90,,,,,,,31,31.47311261,31.36137454,21,82.63304295,0,,,,15,100,63.61594704,17,21.96944363,88.13913685,8,56.32825862,23.6326466,9,49.03611306,2.596780488,10,69.70124635,79.69194722,11,8.233529661,58.75562974,12,78.60432111,56.89233819,13,2.096579601,41.00497489,14,13.65076666,13.51011278,15,34.7624664,78.58392891,16,48.52828274,22.45982114,17,47.3736343,46.52654572,18,24.55830803,19.87346652,19,8.018540679,79.39499675,20,57.18714838,27.02841957
17,91,,,,,,,31,36.17484776,29.47735673,21,78.66422312,0.123129127,,,,15,98.16491247,63.03478105,17,17.10349486,91.02287282,8,54.52695637,20.46513614,9,45.11200038,2.007789304,10,66.72546479,81.54934568,11,3.57812274,54.83785375,12,83.08928021,58.00764857,13,2.65944809,39.31385219,14,12.85809385,16.95204353,15,36.75020535,76.13607179,16,49.15482608,19.07059865,17,48.60758207,46.59695967,18,28.23689414,18.5498322,19,4.398108668,78.46756656,20,56.91455604,24.81128059
5,92,,,,,,,31,39.47300411,33.53304709,21,74.49575506,0,,,,15,98.35260234,65.71437526,17,18.52181773,87.34838659,8,53.50505285,24.23223261,,,,,,,,,,,,,,,,,,,,,,,,,,,,,,,,,,,,
5,93,,,,,,,31,34.99804252,35.56210803,21,70.91642159,2.734840159,,,,15,99.86153516,70.55278405,17,20.62814537,86.53121401,8,55.66226791,27.44726156,,,,,,,,,,,,,,,,,,,,,,,,,,,,,,,,,,,,
5,94,,,,,,,31,32.25341139,32.6315244,21,74.43077154,6.75397374,,,,15,95.96725798,67.18038095,17,23.76765163,89.85279739,8,52.38503168,27.79850732,,,,,,,,,,,,,,,,,,,,,,,,,,,,,,,,,,,,
5,95,,,,,,,31,31.95327555,36.55630237,21,78.47183643,9.205343719,,,,15,99.34157072,62.45928515,17,19.74412071,91.80122487,8,55.25133978,26.76868374,,,,,,,,,,,,,,,,,,,,,,,,,,,,,,,,,,,,
5,96,,,,,,,31,35.60473188,36.54293234,21,79.78502643,8.072557324,,,,15,96.56616245,63.57166642,17,24.68409743,92.61477637,8,55.5221451,23.4402428,,,,,,,,,,,,,,,,,,,,,,,,,,,,,,,,,,,,
5,97,,,,,,,31,37.39154491,37.89116868,21,77.70796412,5.657117251,,,,15,98.28167139,59.75878505,17,25.23208579,96.16582437,8,52.99011923,26.13095145,,,,,,,,,,,,,,,,,,,,,,,,,,,,,,,,,,,,
5,98,,,,,,,31,41.15666446,36.25379967,21,79.01664934,10.62402016,,,,15,100,57.03060673,17,28.88812721,100,8,57.47520727,21.41559409,,,,,,,,,,,,,,,,,,,,,,,,,,,,,,,,,,,,
5,99,,,,,,,31,36.93398784,37.18743007,21,80.84424023,8.969556663,,,,15,100,55.76185465,17,27.72931555,100,8,55.41779463,18.62983804,,,,,,,,,,,,,,,,,,,,,,,,,,,,,,,,,,,,
