検知数,time_step,id,x,y,distance
7.0,0.0,1.0,83.82143308,11.84630238,0.0
7.0,1.0,1.0,84.73466127,8.5931274,3.378924855262198
7.0,2.0,1.0,84.77172543,8.588696476,0.03732807313536774
7.0,3.0,1.0,82.22191941,9.733282296,2.7949217232282804
7.0,4.0,1.0,84.10228647,10.57187561,2.0588878130239476
7.0,5.0,1.0,81.29304154,11.06845302,2.852796207381972
8.0,6.0,1.0,82.02191987,14.4868079,3.495198664677504
8.0,7.0,1.0,77.14237056,17.53187184,5.751731553837489
8.0,8.0,1.0,81.0827677,19.00675972,4.207377316035619
8.0,9.0,1.0,81.6450997,17.22758361,1.8659273588804939
8.0,10.0,1.0,82.07258937,17.73269724,0.6617304565821994
11.0,11.0,1.0,86.89341038,21.49508769,6.115218484135186
11.0,12.0,1.0,89.35262341,23.01523536,2.891120486165911
11.0,13.0,1.0,93.29065063,19.88963179,5.027669048600716
11.0,14.0,1.0,96.15189454,17.49409724,3.7316621621947217
11.0,15.0,1.0,100.0,19.94852581,4.564223399058601
11.0,16.0,1.0,100.0,23.75716155,3.8086357399999997
11.0,17.0,1.0,99.86942055,27.67084907,3.9158652935163705
20.0,18.0,1.0,100.0,22.69472182,4.977840234575115
20.0,19.0,1.0,100.0,26.74162722,4.0469054
20.0,20.0,1.0,100.0,22.47006451,4.271562710000001
20.0,21.0,1.0,99.2773658,25.71659858,3.3259861176319427
20.0,22.0,1.0,100.0,30.68415205,5.019839406227923
20.0,23.0,1.0,96.40910774,29.8362186,3.6896474572182156
20.0,24.0,1.0,96.4508509,25.25750925,4.578899627987516
20.0,25.0,1.0,100.0,26.5997177,3.7944674010040162
20.0,26.0,1.0,100.0,30.39666886,3.796951159999999
20.0,27.0,1.0,100.0,32.4617192,2.065050339999999
20.0,28.0,1.0,100.0,32.79832372,0.33660452000000163
20.0,29.0,1.0,96.79379383,28.1337111,5.660244597118515
20.0,30.0,1.0,97.15816914,28.97049987,0.9126800162903272
20.0,31.0,1.0,95.5593319,29.54761656,1.699807104905541
20.0,32.0,1.0,95.57458975,30.25172262,0.7042713580114857
20.0,33.0,1.0,90.70344359,34.48154719,6.4513162071827175
20.0,34.0,1.0,90.44266035,35.96197825,1.5032245413369316
20.0,35.0,1.0,94.87020928,35.78764411,4.430979792316107
20.0,36.0,1.0,96.1463543,35.51366187,1.3052250303707107
20.0,37.0,1.0,93.83006104,37.524344,3.067255629096267
20.0,38.0,1.0,92.41517615,38.37957612,1.653275908924473
20.0,39.0,1.0,93.36096435,35.63689378,2.9011759232089225
20.0,40.0,1.0,90.01084067,33.23709109,4.120968529633301
12.0,41.0,1.0,87.58074146,38.20940418,5.534372560230107
12.0,42.0,1.0,85.7349259,35.03489647,3.6721293934701675
20.0,43.0,1.0,82.20077251,33.73123808,3.7669304986773904
20.0,44.0,1.0,84.39730325,36.32043353,3.395391048180707
20.0,45.0,1.0,81.61464604,35.65166118,2.8618940589213806
20.0,46.0,1.0,77.21311905,32.55015974,5.384491714732271
20.0,47.0,1.0,76.42499183,34.73443279,2.3221096597407387
20.0,48.0,1.0,78.8029481,34.4511692,2.3947681064044577
20.0,49.0,1.0,79.6802354,31.05066044,3.5118503432774646
20.0,50.0,1.0,77.29022307,35.24720616,4.82940523435364
20.0,51.0,1.0,75.7050813,34.15027126,1.9276775160375559
20.0,52.0,1.0,76.53848451,33.02075135,1.403700871811623
19.0,53.0,1.0,74.01312114,36.17570826,4.041189584082212
19.0,54.0,1.0,78.80925887,37.76214795,5.051705456094687
19.0,55.0,1.0,75.03393216,35.66464238,4.318868067378346
19.0,56.0,1.0,74.77755727,38.83005469,3.1757775703789544
20.0,57.0,1.0,71.61009289,41.46505656,4.120202113182348
20.0,58.0,1.0,69.26730671,39.6411266,2.9690684707807966
20.0,59.0,1.0,73.28547913,40.71252427,4.15855775048635
20.0,60.0,1.0,71.4762815,36.38713407,4.688517510541436
20.0,61.0,1.0,74.38517351,32.70823249,4.689986093920574
20.0,62.0,1.0,73.98991234,36.52080302,3.8330047532887646
13.0,63.0,1.0,77.97615592,31.81738502,6.165409861624382
13.0,64.0,1.0,77.42625345,30.641295,1.2982990647981278
20.0,65.0,1.0,80.52319161,28.9259179,3.5402746450054616
19.0,66.0,1.0,78.22733272,27.39635289,2.7587202037554115
19.0,67.0,1.0,82.84738881,29.00544815,4.8922495674792055
20.0,68.0,1.0,79.8278152,32.92014168,4.943950871522923
20.0,69.0,1.0,83.54719225,28.93857865,5.44854198863599
20.0,70.0,1.0,79.6555201,24.03159532,6.262874541612935
20.0,71.0,1.0,75.5090378,28.89779851,6.3932189819041465
20.0,72.0,1.0,71.84495319,32.28539336,4.9901217316800395
20.0,73.0,1.0,73.59368928,30.10939183,2.791605375233194
20.0,74.0,1.0,68.97580456,31.5975436,4.851747620988099
20.0,75.0,1.0,69.59508241,28.19313267,3.4602772773007797
20.0,76.0,1.0,70.75166355,32.26878797,4.236584244154926
20.0,77.0,1.0,75.26654742,33.29404615,4.62983052554227
20.0,78.0,1.0,78.62526409,35.6276605,4.089832955496085
20.0,79.0,1.0,73.78079472,37.15228893,5.078717882146285
7.0,0.0,2.0,40.19588667,40.3161409,0.0
7.0,1.0,2.0,44.58949045,43.33668482,5.3317389047363575
7.0,2.0,2.0,43.38020195,39.72304424,3.810613719291815
7.0,3.0,2.0,38.75343385,37.46809224,5.147017735881781
7.0,4.0,2.0,42.48849763,42.37224599,6.164529620685344
7.0,5.0,2.0,44.32672396,45.67775284,3.782254826912402
8.0,6.0,2.0,43.00308919,46.48161983,1.5486158794112348
8.0,7.0,2.0,38.25144986,51.35628659,6.807382194606951
8.0,8.0,2.0,37.14317252,48.98289747,2.6193996597105755
8.0,9.0,2.0,37.21632789,44.85766418,4.125881894223832
8.0,10.0,2.0,34.22302111,48.17361854,4.467151082826391
11.0,11.0,2.0,36.82769946,45.88415675,3.467850140191862
11.0,12.0,2.0,40.23246452,44.86679701,3.553511777716474
11.0,13.0,2.0,44.45627162,40.22108392,6.27878941616995
11.0,14.0,2.0,40.34020804,44.61354949,6.0196123777397705
11.0,15.0,2.0,39.56000874,49.05519159,4.509644719067448
11.0,16.0,2.0,36.06357753,48.21246424,3.596556769008389
11.0,17.0,2.0,38.78470241,43.62744789,5.331687869926592
20.0,18.0,2.0,40.19038028,45.79840732,2.586309169630281
20.0,19.0,2.0,35.92747529,43.64736824,4.774864194660848
20.0,20.0,2.0,37.56409375,41.87120221,2.4152196069382037
20.0,21.0,2.0,36.84788802,43.40860692,1.6960435990902492
20.0,22.0,2.0,39.46675538,46.59466511,4.124249391021291
20.0,23.0,2.0,40.11522471,46.14466446,0.789311761568943
20.0,24.0,2.0,39.14720494,42.69408539,3.583791036518862
20.0,25.0,2.0,40.29132024,41.84590553,1.4242222068917796
20.0,26.0,2.0,44.73345072,37.05860257,6.530757447047767
20.0,27.0,2.0,48.26655785,40.48946939,4.924803867021886
20.0,28.0,2.0,51.29822981,41.54070281,3.2087577933485676
20.0,29.0,2.0,50.1329915,39.88127725,2.027676874719682
20.0,30.0,2.0,46.67808485,43.50803073,5.008964041087379
20.0,31.0,2.0,51.12129633,47.64293497,6.069560225417799
20.0,32.0,2.0,46.94495711,46.80453029,4.2596633303532485
20.0,33.0,2.0,43.70614828,47.47253479,3.3069793844694875
20.0,34.0,2.0,41.00282496,49.06681725,3.138422140936349
20.0,35.0,2.0,40.45063924,50.54528646,1.5782206038098539
20.0,36.0,2.0,41.15369091,54.47930705,3.996348289780779
20.0,37.0,2.0,38.43583422,52.40561868,3.4186149890344537
20.0,38.0,2.0,38.56408831,48.45411605,3.9535834563720353
20.0,39.0,2.0,42.92826857,49.78237292,4.56183468074807
20.0,40.0,2.0,44.74202108,46.46290358,3.7826676918190056
12.0,41.0,2.0,45.1399813,50.70816931,4.2638777486010175
12.0,42.0,2.0,42.91161471,47.62026905,3.807984463615408
20.0,43.0,2.0,46.40909458,44.77431094,4.509084497426276
20.0,44.0,2.0,46.95210284,46.54664708,1.8536540571472144
20.0,45.0,2.0,44.24734442,48.99078123,3.6454780007232466
20.0,46.0,2.0,42.84432721,44.55728451,4.65019896970086
20.0,47.0,2.0,43.23528992,45.28819152,0.8289010181425013
20.0,48.0,2.0,45.70713036,40.79069973,5.1320003470320215
20.0,49.0,2.0,45.74780679,37.22282322,3.568108373153387
20.0,50.0,2.0,41.81357992,39.49386926,4.542663445648337
20.0,51.0,2.0,38.7651886,40.95966256,3.382490153448527
20.0,52.0,2.0,36.82936617,43.89914633,3.5196552834879355
19.0,53.0,2.0,35.43424098,45.08554378,1.831369215952656
19.0,54.0,2.0,39.29088872,46.94826875,4.2829284495901385
19.0,55.0,2.0,36.54487321,42.67516449,5.079372126354858
19.0,56.0,2.0,33.56197958,40.47866655,3.704356571432996
20.0,57.0,2.0,38.48751528,40.73091994,4.931990845970921
20.0,58.0,2.0,41.0943936,38.02993346,3.7538170627281238
20.0,59.0,2.0,43.12046944,42.6862418,5.078010502803754
20.0,60.0,2.0,47.33530698,38.25100202,6.118513495505885
18.0,88.0,2.0,50.06993872,21.28828721,17.181731707799678
7.0,0.0,3.0,36.40835329,27.51333847,0.0
7.0,1.0,3.0,36.9231717,28.90342026,1.4823513005237754
7.0,2.0,3.0,35.11427618,25.64285162,3.728727780145332
7.0,3.0,3.0,38.91968714,27.40625507,4.194132127384646
7.0,4.0,3.0,42.71078418,28.24480987,3.882729828265132
7.0,5.0,3.0,40.5803856,28.9584267,2.246741438111038
8.0,6.0,3.0,43.99536356,33.7191214,5.858864095871644
8.0,7.0,3.0,48.39881236,34.56439235,4.483842583447298
8.0,8.0,3.0,50.00795136,36.54083628,2.5486582606844035
8.0,9.0,3.0,52.62132559,31.62968975,5.563190191352361
8.0,10.0,3.0,49.35327554,34.33632352,4.243349796353042
11.0,11.0,3.0,51.29931141,38.93682973,4.995168965668251
11.0,12.0,3.0,54.07578124,41.06464641,3.498054965346663
11.0,13.0,3.0,52.11399615,40.77010578,1.9837729008299065
11.0,14.0,3.0,52.25022192,42.92085291,2.1550570010130423
11.0,15.0,3.0,53.35574317,40.97229949,2.2403208843367195
11.0,16.0,3.0,54.95255961,43.74948172,3.2035236664775972
11.0,17.0,3.0,53.01204653,46.71870554,3.547094741743799
20.0,18.0,3.0,51.43535995,50.40197139,4.006543135088939
20.0,19.0,3.0,47.83857509,45.79416136,5.845406282004173
20.0,20.0,3.0,46.77188076,42.202948,3.7462848517827116
20.0,21.0,3.0,49.41472584,41.18605717,2.8317304033078967
20.0,22.0,3.0,48.3737653,38.05988043,3.2949324508332656
20.0,23.0,3.0,48.93428436,38.36182869,0.6366744602544616
20.0,24.0,3.0,48.0916809,39.14300918,1.149009812299532
20.0,25.0,3.0,51.18788753,35.02841016,5.149409732293683
20.0,26.0,3.0,48.26329235,34.37321428,2.997088355061991
20.0,27.0,3.0,52.8110706,29.83858532,6.422238458360429
20.0,28.0,3.0,51.43385583,34.33974711,4.707141168741611
20.0,29.0,3.0,55.47341463,35.96895862,4.355727888995587
20.0,30.0,3.0,51.27028607,40.33639445,6.061417773182729
20.0,31.0,3.0,48.44476201,41.05583424,2.915678278732777
20.0,32.0,3.0,46.54376211,40.5244035,1.9738843054284978
20.0,33.0,3.0,47.65692241,37.1749622,3.5295726194033383
20.0,34.0,3.0,47.96152799,40.87205881,3.7096236875241937
20.0,35.0,3.0,49.50863989,39.15925077,2.3080872195413757
20.0,36.0,3.0,50.72100021,39.40026926,1.236085538315366
20.0,37.0,3.0,46.91008904,36.04613374,5.076738030680371
20.0,38.0,3.0,49.65121754,36.48485555,2.776015540317074
20.0,39.0,3.0,44.90501723,35.81643194,4.793037398670024
20.0,40.0,3.0,44.14005332,34.63531432,1.407198854418577
12.0,41.0,3.0,45.60967835,36.15813019,2.1163095006936894
12.0,42.0,3.0,50.11165276,31.90574255,6.192784045089866
20.0,43.0,3.0,54.20256498,34.27871343,4.729329084455143
20.0,44.0,3.0,50.96181778,37.7689533,4.762795057993304
20.0,45.0,3.0,54.9797086,34.38211485,5.25491401716895
20.0,46.0,3.0,59.8658393,32.50324058,5.234925189527589
20.0,47.0,3.0,57.9204608,29.51420868,3.566343955296498
20.0,48.0,3.0,61.69437333,31.13628065,4.1077406514957415
20.0,49.0,3.0,57.62984203,30.04544347,4.208365530933599
20.0,50.0,3.0,59.69312201,33.14959286,3.727313739317659
20.0,51.0,3.0,58.93533205,34.24937628,1.3355782247340313
20.0,52.0,3.0,59.16517135,37.9088591,3.6666934169220706
19.0,53.0,3.0,56.49312976,41.46227215,4.445958902486616
19.0,54.0,3.0,54.27790377,39.32530284,3.077964265330796
19.0,55.0,3.0,53.06954489,42.46143105,3.360867645777303
19.0,56.0,3.0,54.33785906,38.7823232,3.891587774386492
20.0,57.0,3.0,51.33161931,42.60613177,4.864050720796965
20.0,58.0,3.0,55.65702832,40.26213468,4.919703798168913
20.0,59.0,3.0,53.31587873,42.38040178,3.157219806997854
20.0,60.0,3.0,49.47033231,42.54532084,3.849081132520603
20.0,61.0,3.0,44.64996888,46.78386414,6.4188124215664875
20.0,62.0,3.0,47.58759885,44.80628515,3.5412552156448127
13.0,63.0,3.0,46.38121753,47.57103737,3.016489802276788
13.0,64.0,3.0,45.72207665,42.83500237,4.781683199555591
20.0,65.0,3.0,49.41768575,42.32896906,3.7300933407667367
19.0,66.0,3.0,47.58875049,37.726673,4.9523866174969395
19.0,67.0,3.0,45.16937647,37.19474446,2.477159385327776
20.0,68.0,3.0,40.61689382,34.05978293,5.527484244494145
20.0,69.0,3.0,41.96911745,31.61960098,2.7898022680176013
20.0,70.0,3.0,46.03303709,32.85029797,4.246181569548434
20.0,71.0,3.0,49.59412183,28.44975371,5.660928749744145
20.0,72.0,3.0,50.24423857,28.36757262,0.6552903991222649
20.0,73.0,3.0,48.04142402,33.29392115,5.396415641953915
20.0,74.0,3.0,46.43410327,35.58041773,2.7949144179620684
20.0,75.0,3.0,42.76102925,36.71543206,3.844441479032333
20.0,76.0,3.0,47.33801369,33.59023836,5.542167646915939
20.0,77.0,3.0,45.52683066,32.3440255,2.1985064158626746
20.0,78.0,3.0,41.13301235,31.13063061,4.558285478156164
20.0,79.0,3.0,36.72409463,34.31734241,5.440008047603351
19.0,80.0,3.0,36.74576824,31.63224345,2.6851864312117177
7.0,0.0,4.0,31.40749166,23.96961489,0.0
7.0,1.0,4.0,34.09579987,23.70302298,2.701494452785503
7.0,2.0,4.0,34.70820664,18.79198036,4.94907887059787
7.0,3.0,4.0,38.94507663,13.93030288,6.448796417293833
7.0,4.0,4.0,36.55687551,10.67152593,4.040189574688369
7.0,5.0,4.0,37.78758289,7.124914079,3.7540772870094354
8.0,6.0,4.0,35.90188159,5.837876098,2.283054129309739
8.0,7.0,4.0,35.11740639,2.159129231,3.761459803171816
8.0,8.0,4.0,38.39644679,3.391780511,3.5030750952438625
8.0,9.0,4.0,35.657831,8.170303254,5.507657946042542
8.0,10.0,4.0,32.49413371,6.261543054,3.6949081238722834
11.0,11.0,4.0,31.5640386,10.15402617,4.002062183673685
11.0,12.0,4.0,34.71353413,14.23122389,5.1519766441108
11.0,13.0,4.0,36.58072066,10.38813072,4.272674882449412
11.0,14.0,4.0,32.21928298,12.20682551,4.725440654129187
11.0,15.0,4.0,32.21090502,8.464307112,3.742527775392221
11.0,16.0,4.0,30.90699104,8.531657478,1.3056522274479399
11.0,17.0,4.0,30.70600639,6.922227976,1.6219303781123249
20.0,18.0,4.0,35.29374552,6.565349464,4.601598917469939
20.0,19.0,4.0,36.8758647,3.686755087,3.2847232283740264
20.0,20.0,4.0,35.52333288,4.796053627,1.749252861926672
20.0,21.0,4.0,32.97887601,8.439949342,4.444348855016395
20.0,22.0,4.0,34.18405745,4.983120883,3.660891325657289
20.0,23.0,4.0,32.1466219,4.257384214,2.1628308609632443
20.0,24.0,4.0,35.56146322,7.601029254,4.779236695780608
20.0,25.0,4.0,38.57475724,9.578958575,3.604461853014852
20.0,26.0,4.0,36.52919489,13.63689442,4.544355691390517
20.0,27.0,4.0,41.44559819,16.49085922,5.684728356561105
20.0,28.0,4.0,40.31685343,19.67628776,3.379499921093945
20.0,29.0,4.0,36.1088072,14.71064226,6.508862289639218
20.0,30.0,4.0,40.13088271,13.31988925,4.255735581890142
20.0,31.0,4.0,40.12934928,17.21265669,3.892767742022598
20.0,32.0,4.0,41.91915285,12.41764528,5.11815701607668
20.0,33.0,4.0,44.18229715,12.91609019,2.3173841828508643
20.0,34.0,4.0,47.44656734,13.78606709,3.378212497735493
20.0,35.0,4.0,48.33586766,8.977992338,4.8896255357616045
20.0,36.0,4.0,48.25143093,10.99308123,2.016857160047503
20.0,37.0,4.0,49.02193522,12.01330055,1.2784851668320896
20.0,38.0,4.0,49.3157482,10.2872719,1.7508572094369381
20.0,39.0,4.0,47.82540475,13.03754785,3.128121065449084
20.0,40.0,4.0,43.39443343,15.38357248,5.013715030117803
12.0,41.0,4.0,48.09020669,10.54831239,6.740180015940069
12.0,42.0,4.0,46.21695043,14.1847029,4.090528689160763
20.0,43.0,4.0,50.169488,13.72589331,3.979077717529215
20.0,44.0,4.0,47.08025759,9.38535697,5.327626135994281
20.0,45.0,4.0,43.549655,9.040455427,3.5474091563954806
20.0,46.0,4.0,46.66773079,4.464233021,5.537527258746501
20.0,47.0,4.0,45.97104446,7.119618248,2.745258192989998
20.0,48.0,4.0,49.88009411,11.38942948,5.788951297348984
20.0,49.0,4.0,44.90419397,14.25032478,5.739712895329705
20.0,50.0,4.0,47.45551349,9.758643701,5.165697456160168
20.0,51.0,4.0,43.40549001,5.085391875,6.18400944515479
20.0,52.0,4.0,47.29497866,7.127665161,4.393062955750582
19.0,53.0,4.0,45.21959479,3.176405657,4.463145737683958
19.0,54.0,4.0,48.05512421,0.0,4.257907935771644
19.0,55.0,4.0,45.00259045,0.0,3.052533760000003
19.0,56.0,4.0,43.27929752,0.0,1.7232929299999995
20.0,57.0,4.0,42.66992867,3.267018795,3.323363086127301
20.0,58.0,4.0,45.46625902,6.352725266,4.164258379531994
20.0,59.0,4.0,45.6369998,9.015842825,2.6685853081753117
20.0,60.0,4.0,47.00029499,9.37565405,1.409977975967406
20.0,61.0,4.0,49.31555006,8.390841124,2.5160012993592398
20.0,62.0,4.0,48.54664233,3.757351219,4.696855096443859
13.0,63.0,4.0,50.33636589,7.410482007,4.067981683273979
13.0,64.0,4.0,53.96955435,10.15312977,4.552161589593022
20.0,65.0,4.0,57.7998891,10.44085922,3.841126466735358
19.0,66.0,4.0,61.39622998,6.027165131,5.693361330218969
19.0,67.0,4.0,63.81091134,4.020341692,3.1397494144678517
20.0,68.0,4.0,66.14117141,4.413925773,2.3632647804791205
20.0,69.0,4.0,65.02418368,0.193098511,4.3661246391523205
20.0,70.0,4.0,69.41031397,2.139643416,4.79866397948815
20.0,71.0,4.0,71.04775635,0.0,2.6943072385034714
20.0,72.0,4.0,74.73026971,0.936332774,3.7996873174308745
20.0,73.0,4.0,77.17689324,3.471614929,3.5232970784495437
20.0,74.0,4.0,74.62406046,2.596530242,2.69865307367665
20.0,75.0,4.0,79.02438816,6.600294418,5.949202588953271
20.0,76.0,4.0,82.01158147,5.677171658,3.126576322647305
20.0,77.0,4.0,79.45683553,5.055646796,2.6292622486223296
20.0,78.0,4.0,77.64805814,4.254893901,1.9781003122759233
20.0,79.0,4.0,77.63380767,6.777394372,2.522540723574238
19.0,80.0,4.0,78.1453042,5.042517278,1.8087087193597335
7.0,0.0,5.0,67.92644809,92.29436265,0.0
7.0,1.0,5.0,67.61935122,94.98460958,2.707718048826026
7.0,2.0,5.0,63.13488724,90.77037237,6.15387783840937
7.0,3.0,5.0,59.74030347,88.40196242,4.139150234384637
7.0,4.0,5.0,56.97888415,89.62164242,3.018783855010038
7.0,5.0,5.0,61.0667514,92.50420701,5.001983333553247
8.0,6.0,5.0,61.91934477,88.00553871,4.578747855909179
8.0,7.0,5.0,60.40527191,85.04667829,3.3237436138232916
8.0,8.0,5.0,55.77007415,80.61840819,6.410509679648189
8.0,9.0,5.0,57.8522628,79.45095285,2.387145061592056
8.0,10.0,5.0,57.97888099,77.26965687,2.1849678071777126
11.0,11.0,5.0,54.18246451,78.06589563,3.8790171761081313
11.0,12.0,5.0,58.0716254,77.15577091,3.994233272389166
11.0,13.0,5.0,55.79089302,74.43270432,3.5520179958376787
11.0,14.0,5.0,60.49023566,71.09595157,5.763483335861638
11.0,15.0,5.0,61.90080801,71.00084192,1.4137751589653964
11.0,16.0,5.0,64.64161017,68.85949346,3.4781273276585343
11.0,17.0,5.0,61.13240714,68.69788974,3.5129220982081404
20.0,18.0,5.0,61.24493343,72.49156829,3.7953470337600677
20.0,19.0,5.0,64.50634017,70.02802598,4.087274720015476
20.0,20.0,5.0,68.8791085,65.7468586,6.119599415274421
20.0,21.0,5.0,72.79626718,62.40226103,5.150773245790309
20.0,22.0,5.0,71.36849399,61.9832322,1.4879924201601062
20.0,23.0,5.0,66.76752686,62.5071395,4.630699449363318
20.0,24.0,5.0,62.66561427,59.93634421,4.840937442178604
20.0,25.0,5.0,66.66474534,58.88917134,4.133959401675756
20.0,26.0,5.0,65.74000282,62.41636445,3.6464009603343754
20.0,27.0,5.0,66.08179096,66.31252858,3.9111269553088324
20.0,28.0,5.0,64.33987748,70.46901475,4.5067327248470095
20.0,29.0,5.0,61.14255394,73.56288208,4.449145184760711
20.0,30.0,5.0,59.92778174,69.39146322,4.344698701113397
20.0,31.0,5.0,57.30770249,66.21328688,4.118934343300027
20.0,32.0,5.0,59.00995601,61.79714035,4.732865645756643
20.0,33.0,5.0,56.18273313,62.72873429,2.9767526740124413
20.0,34.0,5.0,54.55976237,60.40698955,2.8327606191721615
20.0,35.0,5.0,53.5000851,64.87265719,4.589673560014679
20.0,36.0,5.0,51.89775501,62.56072593,2.8129144793762593
20.0,37.0,5.0,53.86491162,60.49083981,2.8555443750772564
20.0,38.0,5.0,58.74012793,62.75551548,5.375545549949322
20.0,39.0,5.0,56.1824065,64.83403956,3.2957853790289606
20.0,40.0,5.0,56.57288828,61.53851486,3.318577868428285
12.0,41.0,5.0,53.5698456,63.85626317,3.7934446834518933
12.0,42.0,5.0,50.98959192,63.27840884,2.6441680506074654
20.0,43.0,5.0,54.41062057,68.03928422,5.862539672190795
20.0,44.0,5.0,52.50241111,67.87634188,1.9151536620851537
20.0,45.0,5.0,56.39642063,72.06348086,5.717992915323182
20.0,46.0,5.0,52.74661414,70.08855177,4.149871362461056
20.0,47.0,5.0,48.46644123,71.20257279,4.422773221916279
20.0,48.0,5.0,45.18434252,71.2248276,3.282174160332111
20.0,49.0,5.0,44.03379082,67.16691665,4.217868003210003
20.0,50.0,5.0,47.44895906,69.38956343,4.074743282238652
20.0,51.0,5.0,46.59990244,71.53173852,2.3043027709444717
20.0,52.0,5.0,43.65126691,71.70380985,2.9536519821039127
19.0,53.0,5.0,40.839837,70.6324967,3.0086292566890798
19.0,54.0,5.0,38.31592176,67.76325285,3.8213490300503965
19.0,55.0,5.0,34.27297412,65.52203755,4.622604421831453
19.0,56.0,5.0,34.52086082,63.6805335,1.8581132856215357
20.0,57.0,5.0,35.77547993,59.36603908,4.493209455543815
20.0,58.0,5.0,39.95451513,60.43095427,4.312583861762195
20.0,59.0,5.0,44.66168216,61.84093044,4.9138024225936165
20.0,60.0,5.0,43.32498441,58.02462253,4.043632888725635
20.0,61.0,5.0,40.17573802,55.77055511,3.8727990857819523
20.0,62.0,5.0,42.03785292,59.52663712,4.19232918157051
13.0,63.0,5.0,41.23950014,60.06415369,0.9624402445649795
13.0,64.0,5.0,44.83726936,60.92530455,3.6993951078599565
20.0,65.0,5.0,44.19563309,60.54996371,0.7433558025275766
19.0,66.0,5.0,46.36027931,60.12987768,2.205031866064855
19.0,67.0,5.0,49.55623742,58.84352054,3.445121613601434
20.0,68.0,5.0,51.26105287,54.01911964,5.116760670822851
20.0,69.0,5.0,49.69795514,51.9774756,2.5713002352114946
20.0,70.0,5.0,53.3782692,54.6333863,4.538565106573682
20.0,71.0,5.0,54.48763737,57.29811837,2.886432874933287
20.0,72.0,5.0,52.73845272,62.0865617,5.097924721336823
20.0,73.0,5.0,48.4934384,65.61767886,5.5216786373938405
20.0,74.0,5.0,48.91870381,69.99863301,4.401546311621037
20.0,75.0,5.0,44.66756326,66.12143449,5.7536826762817315
20.0,76.0,5.0,49.29915702,63.73635621,5.209631384215078
20.0,77.0,5.0,49.53699018,61.06911794,2.677820867972346
20.0,78.0,5.0,51.69631971,59.06764618,2.9442474802922947
20.0,79.0,5.0,52.04835584,63.11282232,4.060465421654357
19.0,80.0,5.0,51.09177067,65.11517845,2.2191181263764466
19.0,81.0,5.0,51.25204744,68.07047919,2.9596437466097454
19.0,82.0,5.0,53.21762998,65.46285873,3.265455433008311
19.0,83.0,5.0,53.36867022,68.21209773,2.7533848683430135
19.0,84.0,5.0,52.10413342,71.90647346,3.904800296169743
19.0,85.0,5.0,55.54513258,72.56747633,3.503912101247544
7.0,0.0,6.0,76.78823497,70.34127819,0.0
7.0,1.0,6.0,77.46658826,73.94450809,3.666528180487344
7.0,2.0,6.0,78.26315282,71.99917125,2.1021062102827193
7.0,3.0,6.0,76.66060919,71.67207037,1.6355858497035096
7.0,4.0,6.0,79.04788187,69.46579659,3.250648372400476
7.0,5.0,6.0,80.85384887,74.05605933,4.93275063502315
8.0,6.0,6.0,85.59712548,75.41360709,4.933721609460165
8.0,7.0,6.0,80.80144417,75.65866764,4.801938556484212
8.0,8.0,6.0,81.3099587,78.16389371,2.5563146694076466
8.0,9.0,6.0,79.99850923,74.68116757,3.721462223186278
8.0,10.0,6.0,77.68909143,78.88901248,4.799934308047326
11.0,11.0,6.0,78.40403233,76.94301473,2.073173348636792
11.0,12.0,6.0,76.37469577,73.13978742,4.310770794797894
11.0,13.0,6.0,72.5689559,76.58516759,5.133643976157362
11.0,14.0,6.0,67.60469801,79.2599037,5.638977713785112
11.0,15.0,6.0,62.89099959,79.43776284,4.717052752343576
11.0,16.0,6.0,62.31695542,83.78859439,4.388537556588339
11.0,17.0,6.0,58.94792206,81.10126614,4.309538131173791
20.0,18.0,6.0,61.84202378,82.99648964,3.4594359194324045
20.0,19.0,6.0,65.99574985,79.32107103,5.546362972555251
20.0,20.0,6.0,66.28220167,78.44113003,0.9253922458408231
20.0,21.0,6.0,69.85066887,78.42340111,3.56851124029058
20.0,22.0,6.0,73.25113057,79.41694663,3.542636373307161
20.0,23.0,6.0,77.17481056,80.93949649,4.208731725842404
20.0,24.0,6.0,78.34621536,77.40176523,3.726624702521606
20.0,25.0,6.0,78.98700448,77.93368484,0.8327959941143578
20.0,26.0,6.0,78.01141212,77.90187931,0.9761106723261135
20.0,27.0,6.0,80.51521376,81.5240369,4.403299701276448
20.0,28.0,6.0,79.27240568,83.62463186,2.44071118932385
20.0,29.0,6.0,82.81735278,82.79050683,3.6417598091404675
20.0,30.0,6.0,80.03563188,84.69678341,3.372219086143911
20.0,31.0,6.0,80.56004848,85.98721377,1.3929189798280819
20.0,32.0,6.0,79.20638516,88.0895053,2.500406779110791
20.0,33.0,6.0,78.95379539,90.1075706,2.0338114826533844
20.0,34.0,6.0,74.92972958,91.29855603,4.196611959388574
20.0,35.0,6.0,72.80823327,95.82570268,4.999580320781924
20.0,36.0,6.0,75.92757495,96.33523001,3.160681985996391
20.0,37.0,6.0,74.93695493,99.40391843,3.2246203874358437
20.0,38.0,6.0,76.71198678,100.0,1.8724452746630806
20.0,39.0,6.0,77.35399373,100.0,0.6420069499999954
20.0,40.0,6.0,73.76478151,99.84805616,3.5924269360296286
12.0,41.0,6.0,73.66364142,100.0,0.18252739059975173
12.0,42.0,6.0,78.37392059,95.96750617,6.2006238676704095
20.0,43.0,6.0,79.06157994,98.43115025,2.5578149922466085
20.0,44.0,6.0,83.43937356,93.64518968,6.486177268384474
20.0,45.0,6.0,88.10060444,91.87421136,4.9863250522379206
20.0,46.0,6.0,91.52985174,94.14418883,4.112485229014798
20.0,47.0,6.0,95.87787638,89.52592212,6.343004467501296
7.0,0.0,7.0,43.49797788,65.14436699,0.0
7.0,1.0,7.0,43.54709298,64.13266561,1.0128928745636907
7.0,2.0,7.0,48.36873059,60.25521949,6.1873077873716245
7.0,3.0,7.0,46.31341466,63.85480714,4.145039785351192
7.0,4.0,7.0,45.69538054,67.79170724,3.9851158792266186
7.0,5.0,7.0,48.04755794,68.15357529,2.3798502067738525
8.0,6.0,7.0,46.64418186,68.18806394,1.4037998037095503
8.0,7.0,7.0,44.42624643,72.57715755,4.917660042031376
8.0,8.0,7.0,46.28520167,75.29641208,3.2939428931371872
8.0,9.0,7.0,42.1362197,78.4188501,5.192655445542929
8.0,10.0,7.0,37.30198624,81.32827387,5.642212316035671
11.0,11.0,7.0,41.3737029,80.95036532,4.08921648136714
11.0,12.0,7.0,45.63931377,79.16486484,4.624224049323562
11.0,13.0,7.0,40.75980602,78.96650825,4.883537776971374
11.0,14.0,7.0,38.47599673,82.74842106,4.417991554488574
11.0,15.0,7.0,40.23220592,86.44513437,4.092671501033483
11.0,16.0,7.0,38.5438004,87.04299218,1.79113013512264
11.0,17.0,7.0,33.67099945,90.36180871,5.8956536752189095
20.0,18.0,7.0,30.39186862,91.76135548,3.565309265922649
20.0,19.0,7.0,30.99846502,94.09332199,2.40956987785259
20.0,20.0,7.0,34.97691527,94.94308681,4.068189602394984
20.0,21.0,7.0,32.31208066,92.77714016,3.4340454844541664
20.0,22.0,7.0,33.82613089,89.16437624,3.9171943072327764
20.0,23.0,7.0,35.45798945,88.96754004,1.6436869682137483
20.0,24.0,7.0,37.34486349,92.10777248,3.6635165374342487
20.0,25.0,7.0,36.17494537,87.9977484,4.273289873819009
20.0,26.0,7.0,37.92994617,91.48864772,3.907224829770751
20.0,27.0,7.0,35.25236217,95.84987839,5.117596020985307
20.0,28.0,7.0,34.56357432,99.25053015,3.469706197230355
20.0,29.0,7.0,33.14305225,95.19683127,4.295387940695269
20.0,30.0,7.0,29.90823509,95.35315619,3.2385922156460887
20.0,31.0,7.0,33.23554523,98.4884516,4.571768812583797
20.0,32.0,7.0,31.19283803,100.0,2.5411476286265584
20.0,33.0,7.0,34.51081729,100.0,3.3179792599999978
20.0,34.0,7.0,31.44151964,97.87113654,3.7353243092961437
20.0,35.0,7.0,36.02571962,99.58606879,4.8944746478781616
20.0,36.0,7.0,35.57723444,99.4551558,0.46720142083513727
20.0,37.0,7.0,39.32311907,97.92588994,4.046023446772368
20.0,38.0,7.0,42.67814914,100.0,3.944383261245974
20.0,39.0,7.0,43.33424763,98.79775912,1.3696161367782813
20.0,40.0,7.0,47.67478656,100.0,4.503960627757389
12.0,41.0,7.0,49.58066961,96.71419143,3.7985428994500974
12.0,42.0,7.0,47.47779516,98.80126276,2.962760147053889
20.0,43.0,7.0,44.1835528,98.95665391,3.297905264848686
20.0,44.0,7.0,47.58184362,95.24958863,5.028987322262576
20.0,45.0,7.0,44.69255867,99.13288971,4.840247390395005
20.0,46.0,7.0,46.19486106,96.70042498,2.8589853328923756
20.0,47.0,7.0,45.04103886,100.0,3.495497243858287
20.0,48.0,7.0,49.33962498,100.0,4.298586120000003
20.0,49.0,7.0,48.59525557,100.0,0.7443694100000045
20.0,50.0,7.0,45.12459259,100.0,3.47066298
8.0,6.0,8.0,54.3599952,66.05192218,0.0
8.0,7.0,8.0,50.86728822,64.29727311,3.908682054988944
8.0,8.0,8.0,51.88509439,63.90545716,1.0906186952205057
8.0,9.0,8.0,51.06141846,61.71129198,2.34367294535432
8.0,10.0,8.0,47.65366849,64.0278085,4.120559263676222
11.0,11.0,8.0,48.02284309,60.31818666,3.7279463624212963
11.0,12.0,8.0,51.44563517,58.23099381,4.008974883433651
11.0,13.0,8.0,49.71696181,63.22182385,5.281732298568349
11.0,14.0,8.0,54.57422879,65.77717056,5.488427764242337
11.0,15.0,8.0,55.53213574,61.71281471,4.175712418293136
11.0,16.0,8.0,53.28069266,65.59756851,4.4900231657636605
11.0,17.0,8.0,56.37774255,63.01203262,4.034440959987781
20.0,18.0,8.0,56.35853736,62.34782711,0.6644831065100896
20.0,19.0,8.0,60.29592913,61.04323992,4.147891233720554
20.0,20.0,8.0,61.79501983,63.83462774,3.168456862333915
20.0,21.0,8.0,59.76903968,60.47618606,3.9222093373703606
20.0,22.0,8.0,62.46124389,59.19435307,2.9817879405809657
20.0,23.0,8.0,61.62038283,59.64234943,0.9527581334197994
20.0,24.0,8.0,62.3306319,64.03536084,4.450056515351911
20.0,25.0,8.0,61.13289008,61.07781234,3.1908742684770774
20.0,26.0,8.0,56.63407094,58.69603393,5.090406864757718
20.0,27.0,8.0,55.45167567,59.11174256,1.2533444217671594
20.0,28.0,8.0,56.36607472,58.38025759,1.1709807359546138
20.0,29.0,8.0,51.90619106,53.38156973,6.699062813740916
20.0,30.0,8.0,49.08951462,55.68461436,3.6383623699987417
20.0,31.0,8.0,49.62769773,57.99233829,2.3696478212983303
20.0,32.0,8.0,52.94045937,55.68167122,4.039006312428573
20.0,33.0,8.0,55.58733286,56.67354454,2.8266149286722086
20.0,34.0,8.0,57.77725482,58.3083477,2.7328262957671217
20.0,35.0,8.0,59.45444993,58.89055663,1.7753733903547322
20.0,36.0,8.0,59.74460837,59.52637113,0.6988934101230929
20.0,37.0,8.0,59.15755445,64.28838957,4.798067520146779
20.0,38.0,8.0,60.84049076,61.11880542,3.588668040854111
20.0,39.0,8.0,61.13583178,63.94625607,2.842833708868677
20.0,40.0,8.0,61.32873154,60.85748048,3.094793201942238
12.0,41.0,8.0,58.73496611,56.52070379,5.053241649158531
12.0,42.0,8.0,60.67141684,52.3442662,4.603528252643023
20.0,43.0,8.0,60.14211649,52.86795045,0.744583141232856
20.0,44.0,8.0,59.71731895,49.95983176,2.9389806506878164
20.0,45.0,8.0,56.49418182,52.5645938,4.1440799031642195
20.0,46.0,8.0,61.11612129,50.8058603,4.945247009843506
20.0,47.0,8.0,58.45053273,51.36606966,2.723820276419592
20.0,48.0,8.0,56.816781,50.65768408,1.7807175085425333
20.0,49.0,8.0,55.01963687,45.867631,5.116085958348524
20.0,50.0,8.0,53.81232887,46.41035032,1.3236830690030195
20.0,51.0,8.0,58.13120414,46.06430663,4.332716218863911
20.0,52.0,8.0,55.05597553,41.62592547,5.39965353751567
19.0,53.0,8.0,59.44633783,37.78259481,5.834935448431055
19.0,54.0,8.0,64.41909377,38.10876561,4.983441484514289
19.0,55.0,8.0,64.38151331,34.80735801,3.301621485317715
19.0,56.0,8.0,63.57689938,34.89036285,0.8088840336002894
20.0,57.0,8.0,61.61394853,36.31711801,2.4266862850608315
20.0,58.0,8.0,58.25620513,33.35790818,4.4756411337608615
20.0,59.0,8.0,62.78852874,38.27687198,6.688659220761203
20.0,60.0,8.0,65.485056,34.58751043,4.569753594072829
20.0,61.0,8.0,69.58581983,32.40609259,4.644873279445477
20.0,62.0,8.0,73.74004528,33.16081117,4.2222256245284795
13.0,63.0,8.0,76.95166215,30.92798256,3.9115222767233657
13.0,64.0,8.0,73.03808129,32.61450378,4.2615101751924405
20.0,65.0,8.0,71.53625113,29.17545078,3.752676293832793
19.0,66.0,8.0,70.87557534,30.53550052,1.512027709655545
19.0,67.0,8.0,68.85203883,31.43599072,2.214854985681685
20.0,68.0,8.0,67.58638623,33.59830648,2.505491159399913
20.0,69.0,8.0,63.69715378,30.59227267,4.915523198703889
20.0,70.0,8.0,66.23155948,26.21037617,5.062038046963371
20.0,71.0,8.0,69.78134715,22.87037142,4.874076756895257
20.0,72.0,8.0,66.47130022,22.94739072,3.3109428644080987
20.0,73.0,8.0,70.25848724,22.45214147,3.819431547243905
20.0,74.0,8.0,71.59459593,26.84852394,4.5949282098871596
20.0,75.0,8.0,68.25862239,31.11012171,5.412017647130237
20.0,76.0,8.0,72.18711299,32.74436203,4.254853677601861
20.0,77.0,8.0,71.79073723,36.43937906,3.716216435449584
20.0,78.0,8.0,72.32162535,36.46577059,0.5315437035774908
20.0,79.0,8.0,69.25102949,33.48430945,4.279914656249504
19.0,80.0,8.0,65.25213091,29.04051268,5.978170254031609
19.0,81.0,8.0,62.94754052,28.94331367,2.3066392247651932
19.0,82.0,8.0,62.06897497,26.33996785,2.747596565028836
19.0,83.0,8.0,61.93446525,24.84066982,1.5053197160524951
19.0,84.0,8.0,59.86228813,26.12759861,2.439283445436868
19.0,85.0,8.0,62.44141706,25.67574659,2.618411023033054
18.0,86.0,8.0,57.49700869,21.35146949,6.56860309098597
18.0,87.0,8.0,59.26994129,22.25182504,1.9884491747486415
18.0,88.0,8.0,60.99280008,23.29071661,2.0118494239125706
17.0,89.0,8.0,58.51877251,20.00157983,4.11572996862876
17.0,90.0,8.0,56.32825862,23.6326466,4.240636389798253
17.0,91.0,8.0,54.52695637,20.46513614,3.6438732565862506
11.0,11.0,9.0,60.98979522,3.914729895,0.0
11.0,12.0,9.0,63.60693225,1.84878251,3.3342982517143795
11.0,13.0,9.0,61.72416735,0.69373114,2.2088339312883796
11.0,14.0,9.0,57.1683814,0.728806781,4.555920974161972
11.0,15.0,9.0,56.43898414,0.584641974,0.7435078039085086
11.0,16.0,9.0,56.52366103,0.0,0.5907422563713284
11.0,17.0,9.0,61.2851461,1.482719905,4.987002946511673
20.0,18.0,9.0,65.29458461,0.0,4.2748164267198945
20.0,19.0,9.0,63.79426012,0.0,1.5003244900000041
20.0,20.0,9.0,67.38927436,3.464798623,4.9928906340661525
20.0,21.0,9.0,70.95458367,3.415762501,3.5656465076102957
20.0,22.0,9.0,66.52569368,0.756477995,5.165932696752241
20.0,23.0,9.0,63.2677659,0.0,3.3446004808668803
20.0,24.0,9.0,64.25367524,0.0,0.9859093400000063
20.0,25.0,9.0,59.59823897,1.375753264,4.854460207627441
20.0,26.0,9.0,63.77462437,0.0,4.397145898505054
20.0,27.0,9.0,58.95419323,0.188764852,4.824125676724462
20.0,28.0,9.0,60.66677969,2.750053323,3.08109574902385
20.0,29.0,9.0,64.69511702,0.0,4.877529592284896
20.0,30.0,9.0,60.1384441,2.83804821,5.368219978926488
20.0,31.0,9.0,58.12702948,4.179688072,2.4178060908305152
20.0,32.0,9.0,60.24859008,5.618888999,2.5636533868192926
20.0,33.0,9.0,62.97354735,3.537893438,3.428692848335579
20.0,34.0,9.0,67.49568663,4.031192934,4.5489656033512444
20.0,35.0,9.0,66.42208454,1.698992339,2.5674464089773537
20.0,36.0,9.0,64.21529636,0.0,2.7850474034329147
20.0,37.0,9.0,61.05946101,4.593664646,5.573244264898131
20.0,38.0,9.0,57.85124934,6.026039376,3.5134483754093706
20.0,39.0,9.0,57.94305606,9.146351556,3.121662469661561
20.0,40.0,9.0,59.35655793,5.038915127,4.3438487030247455
12.0,41.0,9.0,63.06910751,4.442063328,3.760220266676903
12.0,42.0,9.0,61.18931159,5.500991082,2.1575357909059423
20.0,43.0,9.0,57.76991524,7.639886758,4.033255026799671
20.0,44.0,9.0,57.27118775,8.75621905,1.2226720310220864
20.0,45.0,9.0,61.6788366,6.427387149,4.985060321402495
20.0,46.0,9.0,60.19611609,4.184813374,2.6884190981118277
20.0,47.0,9.0,60.45180748,0.0,4.192617447624979
20.0,48.0,9.0,58.43465965,0.722741042,2.142717896006133
20.0,49.0,9.0,54.44036748,0.0,4.059153181775057
20.0,50.0,9.0,57.57897723,4.498358755,5.485080004109349
20.0,51.0,9.0,55.11539139,6.318617772,3.063102688454684
20.0,52.0,9.0,53.30352587,2.377287666,4.337849659338925
19.0,53.0,9.0,56.87545668,3.823736267,3.853686970520841
19.0,54.0,9.0,60.33266854,1.031780962,4.443796605386244
19.0,55.0,9.0,60.95909491,0.976584522,0.6288534360405825
19.0,56.0,9.0,58.42632398,2.677314498,3.050804981495542
20.0,57.0,9.0,58.84797737,4.339908709,1.715229165956902
20.0,58.0,9.0,57.59937929,7.756649303,3.6377346593817363
20.0,59.0,9.0,60.54234544,4.588512666,4.3241345389277
20.0,60.0,9.0,63.83051352,7.735614158,4.551515914866112
20.0,61.0,9.0,64.55564804,8.926178728,1.3940100671928135
20.0,62.0,9.0,64.24065843,11.23941129,2.3345799066009785
13.0,63.0,9.0,63.38371649,14.80629471,3.6683793179552544
13.0,64.0,9.0,58.61543598,9.901425357,6.840631724632196
20.0,65.0,9.0,55.15624456,9.253648756,3.519320929526711
19.0,66.0,9.0,55.31862041,6.309077818,2.949044578431704
19.0,67.0,9.0,56.90210994,6.564689227,1.6039876196625056
20.0,68.0,9.0,57.57556187,11.29231124,4.775347882596921
20.0,69.0,9.0,62.06158666,9.284939942,4.914667633169995
20.0,70.0,9.0,57.8019344,12.43385877,5.297199935952581
20.0,71.0,9.0,61.27882739,10.00344586,4.242132927785948
20.0,72.0,9.0,62.47480976,14.96210528,5.100850622484995
20.0,73.0,9.0,60.55016812,17.45967373,3.1531085621743626
20.0,74.0,9.0,55.60572638,18.69868292,5.097317715540076
20.0,75.0,9.0,53.68857316,17.29208457,2.3778131522849097
20.0,76.0,9.0,50.91063978,13.43840708,4.750551974313189
20.0,77.0,9.0,48.61870367,9.819333294,4.283767757574433
20.0,78.0,9.0,52.71966792,9.972746,4.1038327497767595
20.0,79.0,9.0,54.93039629,9.601511388,2.241681302743465
19.0,80.0,9.0,53.86784866,8.515753978,1.5191697138201914
19.0,81.0,9.0,55.78218337,7.888233638,2.0145617784085186
19.0,82.0,9.0,53.01636277,8.690509924,2.87982826405713
19.0,83.0,9.0,53.68448573,11.87018823,3.2491140976158697
19.0,84.0,9.0,50.65483148,12.12972771,3.0407508309991025
19.0,85.0,9.0,49.39858502,8.677853552,3.673362270581372
18.0,86.0,9.0,48.8319656,5.760220036,2.9721444952773854
18.0,87.0,9.0,46.25419011,3.728070684,3.2824621042258393
18.0,88.0,9.0,43.36174221,6.691897841,4.141319387681312
17.0,89.0,9.0,44.49432416,6.569904037,1.1391331624003325
17.0,90.0,9.0,49.03611306,2.596780488,6.034364684685668
17.0,91.0,9.0,45.11200038,2.007789304,3.9680689182732833
11.0,11.0,10.0,43.15193001,77.81820147,0.0
11.0,12.0,10.0,38.70436779,82.57824553,6.514509126090208
11.0,13.0,10.0,41.7661913,83.27160323,3.139348356990352
11.0,14.0,10.0,42.52201758,82.0597866,1.4282061861941362
11.0,15.0,10.0,46.10564827,86.78245683,5.928408135717224
11.0,16.0,10.0,47.29373988,88.42194973,2.024721868035895
11.0,17.0,10.0,50.31689504,89.73125462,3.2945024535447787
20.0,18.0,10.0,53.10324306,88.09703534,3.230233419380342
20.0,19.0,10.0,57.13357486,87.05546557,4.162744527816853
20.0,20.0,10.0,58.25433607,83.33545346,3.8851764166363543
20.0,21.0,10.0,59.2083026,79.68349064,3.774504547489982
20.0,22.0,10.0,62.44186186,79.12208407,3.2819327879727997
20.0,23.0,10.0,59.5655165,78.17893867,3.0270259125971672
20.0,24.0,10.0,57.3608241,77.08998598,2.458960459152605
20.0,25.0,10.0,55.57000727,79.11932047,2.7065149899667778
20.0,26.0,10.0,50.81687858,80.96675488,5.099533924090818
20.0,27.0,10.0,51.22897342,76.31087295,4.6740837287381884
20.0,28.0,10.0,52.42928009,72.908966,3.6074515933695857
20.0,29.0,10.0,49.70256592,76.51514368,4.521005156445731
20.0,30.0,10.0,53.00275114,77.66077783,3.493379465782769
20.0,31.0,10.0,55.59023135,73.72804447,4.707594451309347
20.0,32.0,10.0,54.85858037,76.74706293,3.1064104072636196
20.0,33.0,10.0,59.77959306,76.55771588,4.924654119883424
20.0,34.0,10.0,63.86119961,74.02667095,4.8026763857959045
20.0,35.0,10.0,64.40006811,75.66691856,1.7264968816661612
20.0,36.0,10.0,62.56029731,80.17879918,4.872558191100875
20.0,37.0,10.0,66.37204239,84.94133443,6.1000936519365645
20.0,38.0,10.0,69.45220625,82.32602276,4.040700995580874
20.0,39.0,10.0,72.66094278,81.8342847,3.246197227312133
20.0,40.0,10.0,72.1027555,81.22773926,0.8242999516793502
12.0,41.0,10.0,69.36584264,76.53561509,5.43200894972861
12.0,42.0,10.0,73.02677363,79.98177368,5.027765382451056
20.0,43.0,10.0,75.38150916,79.6217723,2.3820958019874605
20.0,44.0,10.0,74.20039156,77.07142657,2.8105697158332497
20.0,45.0,10.0,72.04469357,74.10490753,3.6670518183920575
20.0,46.0,10.0,73.24807489,78.61513772,4.6680084584448185
20.0,47.0,10.0,74.8545028,83.60496071,5.24203625526946
20.0,48.0,10.0,73.61397963,85.82299473,2.54137219808202
20.0,49.0,10.0,70.63024849,85.23228268,3.0416430168283934
20.0,50.0,10.0,73.2903883,88.38086795,4.121884643122344
20.0,51.0,10.0,71.45067365,91.09361696,3.277736594767901
20.0,52.0,10.0,76.01791378,88.72660369,5.144165065920662
19.0,53.0,10.0,72.75767364,89.71509379,3.406798856443577
19.0,54.0,10.0,72.7254033,91.65953864,1.9447126136103565
19.0,55.0,10.0,71.51526787,87.24102887,4.58122869397793
19.0,56.0,10.0,76.09563486,89.34680475,5.041235346606176
20.0,57.0,10.0,78.25752642,87.83300744,2.639196357409292
20.0,58.0,10.0,82.56635618,88.30813431,4.33494630223462
20.0,59.0,10.0,83.83635271,93.00260988,4.863228563777238
20.0,60.0,10.0,86.5811269,95.70938845,3.854923550616986
20.0,61.0,10.0,84.44404438,97.51840015,2.7999366114300637
20.0,62.0,10.0,85.92272804,97.51111876,1.4787015875393292
13.0,63.0,10.0,83.02975892,96.79021529,2.981437931993814
13.0,64.0,10.0,86.9977083,92.72981311,5.677278233941963
20.0,65.0,10.0,85.38198285,97.13182737,4.689168185832223
19.0,66.0,10.0,84.20364949,97.40150169,1.20879847210209
19.0,67.0,10.0,84.575708,98.40022001,1.065770058486836
20.0,68.0,10.0,89.27035542,95.40251424,5.570094638478227
20.0,69.0,10.0,84.91239032,100.0,6.334724550145868
20.0,70.0,10.0,86.13282783,97.36567387,2.903298447458648
20.0,71.0,10.0,87.94489355,99.79128173,3.0277311082876763
20.0,72.0,10.0,84.4404757,100.0,3.5106278332558247
20.0,73.0,10.0,80.15240043,100.0,4.288075269999993
20.0,74.0,10.0,77.49337947,100.0,2.6590209600000065
20.0,75.0,10.0,81.75537351,100.0,4.261994040000005
20.0,76.0,10.0,78.3435792,98.54874315,3.707625501371506
20.0,77.0,10.0,76.41988395,97.67968686,2.110891340183362
20.0,78.0,10.0,72.24658456,94.09045332,5.5044550323565495
20.0,79.0,10.0,75.71009678,89.30426832,5.907917040067017
19.0,80.0,10.0,70.7988662,91.5105083,5.384020863562608
19.0,81.0,10.0,70.51588102,95.04103048,3.5418452077372935
19.0,82.0,10.0,66.87217977,90.50627188,5.8172669149288225
19.0,83.0,10.0,63.47023524,91.470545,3.535965106608303
19.0,84.0,10.0,61.35317163,90.22195169,2.457833107141941
19.0,85.0,10.0,64.67077925,88.65021067,3.671088415474715
18.0,86.0,10.0,67.131073,84.17044263,5.110906673819687
18.0,87.0,10.0,70.48762913,79.65990843,5.622400539201221
18.0,88.0,10.0,72.90691918,77.86401546,3.0130044649360244
17.0,89.0,10.0,68.93320036,77.96426734,3.974983232652151
17.0,90.0,10.0,69.70124635,79.69194722,1.8907068547270593
17.0,91.0,10.0,66.72546479,81.54934568,3.507877553741922
11.0,11.0,11.0,72.46645665,54.78534062,0.0
11.0,12.0,11.0,72.19068281,58.82806775,4.052122142589782
11.0,13.0,11.0,74.75205202,57.74338978,2.781571233770461
11.0,14.0,11.0,78.04160724,55.17454439,4.1737441444287855
11.0,15.0,11.0,78.97639881,57.07700187,2.1197121838945496
11.0,16.0,11.0,74.81658367,55.07393783,4.616960856160077
11.0,17.0,11.0,75.49416406,57.02567895,2.0660127261010315
20.0,18.0,11.0,75.9710326,61.3220853,4.322789739133982
20.0,19.0,11.0,78.33721981,65.59384307,4.883314075330706
20.0,20.0,11.0,77.40657568,68.15423779,2.7242833220697276
20.0,21.0,11.0,75.644071,69.56744315,2.2591087040146323
20.0,22.0,11.0,74.16019597,72.0666326,2.9065156135222803
20.0,23.0,11.0,69.98206925,71.1126216,4.285659794768951
20.0,24.0,11.0,74.60240941,66.3007425,6.670961225125336
20.0,25.0,11.0,76.38442203,65.23812952,2.07478078916875
20.0,26.0,11.0,78.18214307,60.3934033,5.167511304720499
20.0,27.0,11.0,81.60395621,62.13562345,3.8398093984132524
20.0,28.0,11.0,80.12610273,63.66311374,2.1253887866440873
20.0,29.0,11.0,77.14317801,58.85302543,5.659928394881486
20.0,30.0,11.0,73.93920254,63.57365089,5.70524000774393
20.0,31.0,11.0,77.3059432,60.99821171,4.238847678506077
20.0,32.0,11.0,76.33678921,57.59609776,3.537462195574324
20.0,33.0,11.0,71.55662536,56.83980629,4.839622218773038
20.0,34.0,11.0,74.14677083,54.05695494,3.8017252914904742
20.0,35.0,11.0,70.77966843,49.8665268,5.375599182285592
20.0,36.0,11.0,74.11249336,51.71922311,3.813162156415214
20.0,37.0,11.0,69.94046948,47.53326784,5.909991943964985
20.0,38.0,11.0,69.52273489,43.70132299,3.854647003439354
20.0,39.0,11.0,65.97615799,41.3880072,4.234340285319177
20.0,40.0,11.0,70.26252532,37.75242436,5.620534447380756
12.0,41.0,11.0,67.63445428,33.0677007,5.371535456631596
12.0,42.0,11.0,66.82134658,36.7267504,3.7483047953534094
20.0,43.0,11.0,71.73856533,33.56991473,5.843342509449188
20.0,44.0,11.0,68.93545858,31.87611785,3.2751114977345868
20.0,45.0,11.0,72.13397565,31.45789381,3.2257437583780995
20.0,46.0,11.0,70.12648209,35.99778906,4.9639378797900005
20.0,47.0,11.0,68.31528166,31.53322306,4.817966019596672
20.0,48.0,11.0,65.22276213,34.81953464,4.512595798902606
20.0,49.0,11.0,61.13008746,31.84984063,5.056586641944303
20.0,50.0,11.0,58.59194503,28.89656356,3.894099696612053
20.0,51.0,11.0,59.85202492,30.67649674,2.1808171529147797
20.0,52.0,11.0,57.28545205,33.32766587,3.689985643994424
19.0,53.0,11.0,54.22866153,28.43467394,5.7693447037083
19.0,54.0,11.0,51.81425376,27.26179331,2.6842156865769096
19.0,55.0,11.0,47.18724025,30.26226611,5.5147158626045565
19.0,56.0,11.0,49.96931262,35.24751106,5.708992370236443
20.0,57.0,11.0,46.38124431,31.95963937,4.866655365559563
20.0,58.0,11.0,41.93134084,34.63026509,5.189786376012368
20.0,59.0,11.0,38.09948973,38.41689416,5.387173901312007
20.0,60.0,11.0,37.56312376,35.26497972,3.197225842954255
20.0,61.0,11.0,36.55023461,35.4673083,1.0328994551613202
20.0,62.0,11.0,32.39276163,39.56964178,5.840695297698634
13.0,63.0,11.0,27.46841111,44.21525579,6.769856540114612
13.0,64.0,11.0,31.87289204,42.87944857,4.6025898352707655
20.0,65.0,11.0,32.04657139,41.38767192,1.5018528856388162
19.0,66.0,11.0,34.44703532,39.57598303,3.007398163426399
19.0,67.0,11.0,31.45489626,44.37461189,5.655062783948778
20.0,68.0,11.0,32.1156358,47.32762296,3.026028935628668
20.0,69.0,11.0,28.84662562,50.36071958,4.459383664050343
20.0,70.0,11.0,26.21698568,46.06857335,5.03363938654195
20.0,71.0,11.0,22.68851939,43.98191795,4.099293246160308
20.0,72.0,11.0,20.54938626,41.25560644,3.4653520740932073
20.0,73.0,11.0,16.55522607,40.65881891,4.038498604598536
20.0,74.0,11.0,16.46854558,38.22478129,2.435580555621574
20.0,75.0,11.0,15.85020705,41.73961116,3.5688053397077817
20.0,76.0,11.0,11.64765305,37.34189263,6.08287665434878
20.0,77.0,11.0,9.743851567,37.8395787,1.9677783185473525
20.0,78.0,11.0,11.69774944,38.77546428,2.166471489996088
20.0,79.0,11.0,10.3670386,43.60750451,5.011926189004775
19.0,80.0,11.0,10.89837085,40.11352131,3.534152311626123
19.0,81.0,11.0,13.51634905,41.3444483,2.8929208614107833
19.0,82.0,11.0,12.6494025,40.78534374,1.0315979011076444
19.0,83.0,11.0,14.3564322,40.66404495,1.7113339221605917
19.0,84.0,11.0,10.24820614,41.46279934,4.185155903381306
19.0,85.0,11.0,12.91486659,41.72729538,2.6797455309730225
18.0,86.0,11.0,12.56888819,45.36974767,3.658846777086028
18.0,87.0,11.0,8.145329283,49.09589397,5.783773824476773
18.0,88.0,11.0,11.31367472,51.05356256,3.724362914168183
17.0,89.0,11.0,10.10681275,55.5590082,4.66428517884866
17.0,90.0,11.0,8.233529661,58.75562974,3.705074736294177
17.0,91.0,11.0,3.57812274,54.83785375,6.084552761535988
20.0,18.0,12.0,87.06036045,57.53741852,0.0
20.0,19.0,12.0,88.10788348,60.68189986,3.3143728510818686
20.0,20.0,12.0,88.09160892,63.62381529,2.9419604447672794
20.0,21.0,12.0,83.18025294,60.68512905,5.723398848538085
20.0,22.0,12.0,79.4926709,62.82281849,4.262391047712323
20.0,23.0,12.0,76.80621385,61.82012502,2.8674807194252034
20.0,24.0,12.0,77.8314229,64.33914608,2.7196545179352216
20.0,25.0,12.0,80.62675773,65.34023166,2.969186614259027
20.0,26.0,12.0,76.47553948,68.70801727,5.345520823461089
20.0,27.0,12.0,77.75634526,70.13932574,1.9207049180900184
20.0,28.0,12.0,75.78083389,68.94990275,2.305942805478886
20.0,29.0,12.0,72.3791227,71.37317492,4.1765879650819855
20.0,30.0,12.0,73.21354011,75.5196463,4.229595408460516
20.0,31.0,12.0,74.15195715,77.98615217,2.638991805160976
20.0,32.0,12.0,73.49841194,77.4524836,0.8437555831636304
20.0,33.0,12.0,76.89997185,76.4263329,3.5529698957955858
20.0,34.0,12.0,77.57593835,81.27861705,4.899141984211456
20.0,35.0,12.0,81.76634342,78.95318693,4.792402309247927
20.0,36.0,12.0,82.31362528,81.52370498,2.6281325080103706
20.0,37.0,12.0,80.63761504,79.13640091,2.916887218804218
20.0,38.0,12.0,81.85111202,83.59495543,4.620744888898487
20.0,39.0,12.0,86.11445873,80.25865533,5.413596173240833
20.0,40.0,12.0,87.10735021,77.09719926,3.3137045694503997
12.0,41.0,12.0,85.5325692,80.8893752,4.106158008329877
12.0,42.0,12.0,87.56320925,83.38611379,3.2182608035178197
20.0,43.0,12.0,82.89449117,79.0201678,6.392058580622992
20.0,44.0,12.0,80.86990053,76.77812101,3.0208841533770974
20.0,45.0,12.0,82.85096846,77.27369534,2.042112646214568
20.0,46.0,12.0,81.45336283,75.79647095,2.033591255739113
20.0,47.0,12.0,78.43618021,74.48048366,3.2916885499499484
20.0,48.0,12.0,83.13850518,70.23818282,6.333164812362782
20.0,49.0,12.0,78.7989219,72.00179863,4.684263418013281
20.0,50.0,12.0,82.6673271,67.65610161,5.818044463651333
20.0,51.0,12.0,82.08434004,71.6161179,4.002699455266771
20.0,52.0,12.0,86.38603615,74.04236442,4.938751016056707
19.0,53.0,12.0,88.46589734,73.17587827,2.2531357743842357
19.0,54.0,12.0,86.60930039,74.7857742,2.4573801375000732
19.0,55.0,12.0,86.74461077,72.31870439,2.470777680478201
19.0,56.0,12.0,82.86481359,69.59468266,4.740582300039528
20.0,57.0,12.0,87.39915446,67.03826476,5.205335686081431
20.0,58.0,12.0,90.86280901,64.15266847,4.508166899150643
20.0,59.0,12.0,93.09649228,67.76964023,4.251096995284321
20.0,60.0,12.0,91.49192112,65.23840883,2.996961963030179
20.0,61.0,12.0,87.27508148,68.7781174,5.505567483012702
20.0,62.0,12.0,87.77624047,65.42934697,3.3860631603826037
13.0,63.0,12.0,86.34689749,61.41558001,4.260674425916971
13.0,64.0,12.0,87.37179688,59.39990207,2.2612775852214613
20.0,65.0,12.0,82.41436384,55.01038779,6.621478532805773
19.0,66.0,12.0,83.6321703,53.3511677,2.0581700321104113
19.0,67.0,12.0,82.89780792,54.21004074,1.1300225679153908
20.0,68.0,12.0,78.3124554,54.63454527,4.604960567546793
20.0,69.0,12.0,74.78581668,51.2483192,4.889141812072026
20.0,70.0,12.0,72.8008785,52.97952542,2.6338288772409677
20.0,71.0,12.0,68.96322045,57.84622705,6.1977741217452005
20.0,72.0,12.0,73.9625002,54.90529395,5.800162542328938
20.0,73.0,12.0,72.11357556,57.89420316,3.514555532357106
20.0,74.0,12.0,76.38542065,57.23438367,4.322501848737716
20.0,75.0,12.0,80.38146563,54.26829857,4.976548633603932
20.0,76.0,12.0,77.29431296,57.23903173,4.284363093367753
20.0,77.0,12.0,76.44708359,58.372428,1.415056433588603
20.0,78.0,12.0,74.28312669,62.02397347,4.244584053182969
20.0,79.0,12.0,77.64206797,60.13163333,3.8553129221819646
19.0,80.0,12.0,80.04099943,59.67086174,2.442781735630275
19.0,81.0,12.0,79.20209905,64.41165977,4.814449065969649
19.0,82.0,12.0,74.64600754,60.0895435,6.280020612935345
19.0,83.0,12.0,73.85114375,62.33166672,2.3788495072863136
19.0,84.0,12.0,73.29892481,57.98241117,4.384172623985117
19.0,85.0,12.0,77.64235069,53.97740458,5.908081428094674
18.0,86.0,12.0,76.91797665,58.75930882,4.836457992204204
18.0,87.0,12.0,80.51529025,61.90851691,4.7810225612170525
18.0,88.0,12.0,77.60305299,58.98496553,4.126533476179772
17.0,89.0,12.0,75.05234663,56.99270076,3.2365447391821354
17.0,90.0,12.0,78.60432111,56.89233819,3.5533920909503167
17.0,91.0,12.0,83.08928021,58.00764857,4.621555514370518
20.0,18.0,13.0,0.0,46.59457697,0.0
20.0,19.0,13.0,0.0,47.52354169,0.9289647200000033
20.0,20.0,13.0,1.334901077,51.30865443,4.013606774446898
20.0,21.0,13.0,0.0,53.73682493,2.770915527843823
20.0,22.0,13.0,1.217675954,51.61766546,2.4440891121725676
20.0,23.0,13.0,0.0,47.16340741,4.617699590157378
20.0,24.0,13.0,0.0,49.15309122,1.9896838100000025
20.0,25.0,13.0,0.078261684,49.33395421,0.1970693084532862
20.0,26.0,13.0,0.0,51.60286812,2.270263249531644
20.0,27.0,13.0,4.448263847,50.02144967,4.7210100155080825
20.0,28.0,13.0,2.826618057,50.65968713,1.742722618081252
20.0,29.0,13.0,0.0,46.00301324,5.447419697248065
20.0,30.0,13.0,3.130256383,47.35000082,3.4077676804598185
20.0,31.0,13.0,2.753366339,47.44492617,0.38866042677245294
20.0,32.0,13.0,0.0,44.75413877,3.8498523385627466
20.0,33.0,13.0,4.508548157,43.54330984,4.668309456507038
20.0,34.0,13.0,3.308805864,47.22299846,3.8703345992007465
20.0,35.0,13.0,1.6171089,48.90324069,2.3843348274691163
20.0,36.0,13.0,2.744970856,53.88573992,5.108558619487766
20.0,37.0,13.0,2.786636029,50.83936999,3.046654843767063
20.0,38.0,13.0,3.200143532,47.14661958,3.7158301960117175
20.0,39.0,13.0,3.025636492,45.71453302,1.4426796672658142
20.0,40.0,13.0,0.109545272,47.24214669,3.291988992711239
20.0,43.0,13.0,4.478733647,44.48936421,5.164069949025681
20.0,44.0,13.0,9.199220701,47.79315313,5.76177223212584
20.0,45.0,13.0,14.16493104,45.38748141,5.517747329776824
20.0,46.0,13.0,11.72830434,47.792742,3.4238031749737066
20.0,47.0,13.0,8.00388985,49.20157839,3.981969772249684
20.0,48.0,13.0,7.013663527,48.22586021,1.3901705426114506
20.0,49.0,13.0,9.98824512,44.73759904,4.584332191665892
20.0,50.0,13.0,14.95082489,48.80504001,6.416484552934557
20.0,51.0,13.0,15.72153342,50.26892345,1.6543718941401917
20.0,52.0,13.0,16.98820846,50.855306,1.3958188105565483
19.0,53.0,13.0,16.76660215,54.95794265,4.108617387705388
19.0,54.0,13.0,13.31965989,52.22574586,4.398444070698204
19.0,55.0,13.0,12.85155805,52.44444583,0.5166710844332065
19.0,56.0,13.0,11.96424691,53.51194157,1.3881167869045612
20.0,57.0,13.0,7.569835261,54.91406934,4.612679917821317
20.0,58.0,13.0,3.192424655,54.85518986,4.377806574837034
20.0,59.0,13.0,3.009393408,51.37948938,3.4805163789372706
20.0,60.0,13.0,0.017782632,47.26853092,5.084261450291958
20.0,61.0,13.0,44.40368027,33.34573497,46.518299154164595
20.0,61.0,13.0,3.821046351,43.88483724,41.928783102554846
20.0,62.0,13.0,41.3046672,30.47338729,39.810662161196746
20.0,62.0,13.0,0.501266952,40.1127682,41.926544528813224
13.0,63.0,13.0,39.13290136,25.80075945,41.19753356080247
13.0,63.0,13.0,,,0.0
13.0,64.0,13.0,39.09282523,24.91915053,0.0
13.0,64.0,13.0,,,0.0
20.0,65.0,13.0,3.198920156,35.87645864,0.0
20.0,65.0,13.0,39.56020691,19.95073242,39.69599387899252
19.0,66.0,13.0,40.3924542,19.91176923,0.8331588575339812
19.0,66.0,13.0,4.300163607,36.84373339,39.86658814803545
19.0,67.0,13.0,45.22223108,17.55459293,45.24031991432392
19.0,67.0,13.0,8.146679434,40.80214077,43.761227250024675
20.0,68.0,13.0,45.39300698,18.27609851,43.528283857317696
20.0,68.0,13.0,8.590971477,38.67455774,42.07715480069968
20.0,69.0,13.0,42.59075604,15.87874636,40.93451314969986
20.0,69.0,13.0,8.834962965,39.30666186,41.08918094580809
20.0,70.0,13.0,40.68981394,20.13015625,37.18158009081674
20.0,70.0,13.0,5.945718718,39.89461473,39.97231506684404
20.0,71.0,13.0,10.26263856,35.49446765,6.164178067503067
20.0,71.0,13.0,43.06466929,20.09114445,36.238592489437586
20.0,72.0,13.0,43.2803795,16.83193435,3.2663406697159223
20.0,72.0,13.0,9.407373678,37.98535222,39.93554320401917
20.0,73.0,13.0,47.0991906,21.37864235,41.18805501098493
20.0,73.0,13.0,14.37762131,39.80667288,37.55387338231415
20.0,74.0,13.0,42.35655906,26.1547729,31.131902137233745
20.0,74.0,13.0,14.76081532,37.74433758,29.930637848793882
20.0,75.0,13.0,45.19510299,23.85982518,33.451839270301235
20.0,75.0,13.0,15.6342518,33.84835487,31.202798727763764
20.0,76.0,13.0,41.89330788,25.56807825,27.533634106603213
20.0,76.0,13.0,13.23241216,38.79698724,31.566611736745156
20.0,77.0,13.0,12.63776755,41.09810161,2.376705609877368
20.0,77.0,13.0,40.69466538,26.44324951,31.65366022936263
20.0,78.0,13.0,44.67080838,24.79803883,4.303072313828228
20.0,78.0,13.0,10.01191203,39.90615455,37.80865320014658
20.0,79.0,13.0,47.13161848,25.22279722,39.918336506105014
20.0,79.0,13.0,11.24975187,43.62795038,40.32688946919774
19.0,80.0,13.0,49.4109168,25.9306823,42.06504256874167
19.0,80.0,13.0,9.869583085,45.86305014,44.28110612518687
19.0,81.0,13.0,47.19208879,25.01430314,42.75090272227905
19.0,81.0,13.0,10.43914286,44.71462025,41.69989842635186
19.0,82.0,13.0,42.94118884,27.2538463,36.89527909935136
19.0,82.0,13.0,6.606198853,44.08230783,40.04283475007832
19.0,83.0,13.0,5.591505685,45.84146006,2.0308172723068587
19.0,83.0,13.0,45.66213385,28.33188312,43.72917248422923
19.0,84.0,13.0,47.83981287,29.72922094,2.5874386750898157
19.0,84.0,13.0,9.513394964,49.37963582,43.07032754068029
19.0,85.0,13.0,46.42500843,28.76979526,42.275675471505046
19.0,85.0,13.0,12.72182236,53.05634516,41.54204204554986
18.0,86.0,13.0,48.12063103,25.44131429,44.89616448212831
18.0,86.0,13.0,14.18769812,48.37207933,40.95441271944022
18.0,87.0,13.0,45.82746189,26.14442853,38.66708046269004
18.0,87.0,13.0,11.52476848,45.76130825,39.515778432537616
18.0,88.0,13.0,6.641348164,45.52280513,4.889241016862564
17.0,89.0,13.0,2.231777799,44.44103011,4.540324657751055
17.0,90.0,13.0,2.096579601,41.00497489,3.4387140078278824
17.0,91.0,13.0,2.65944809,39.31385219,1.7823346830391975
20.0,18.0,14.0,47.51399829,8.461459362,0.0
20.0,19.0,14.0,45.56979173,5.927432336,3.193936774021279
20.0,20.0,14.0,43.11466578,4.739372348,2.7274768496634287
20.0,21.0,14.0,39.16214881,1.978481601,4.8212973477071746
20.0,22.0,14.0,35.67904049,3.38070394,3.7547664450460627
20.0,23.0,14.0,33.63017356,7.556322906,4.651198710662286
20.0,24.0,14.0,35.99321489,3.868084449,4.38030446921009
20.0,25.0,14.0,32.91913039,1.567504397,3.839617700865616
20.0,26.0,14.0,30.51461935,0.0,2.870321127695682
20.0,27.0,14.0,33.58543653,1.777847993,3.548332233486218
20.0,28.0,14.0,34.5466121,0.0,2.0210398221160664
20.0,29.0,14.0,34.07606719,0.0,0.4705449099999939
20.0,30.0,14.0,31.16934491,3.570769552,4.604283832100134
20.0,31.0,14.0,31.12095328,0.0,3.571097442431995
20.0,32.0,14.0,34.11106571,0.0,2.99011243
20.0,33.0,14.0,34.75032445,0.0,0.6392587400000025
20.0,34.0,14.0,32.39560375,0.0,2.3547207000000014
20.0,35.0,14.0,30.4022407,0.0,1.9933630499999992
20.0,36.0,14.0,33.65612721,4.824702316,5.81940975168236
20.0,37.0,14.0,31.10917285,3.052191165,3.103026311899781
20.0,38.0,14.0,32.54578989,0.758623666,2.7063481653489228
20.0,39.0,14.0,29.47021143,0.125359524,3.1400965490186734
20.0,40.0,14.0,28.77508212,3.894655612,3.8328576488872086
20.0,43.0,14.0,27.90545983,10.54088554,6.7028811106200985
20.0,44.0,14.0,28.32919001,8.452160053,2.1312722551298364
20.0,45.0,14.0,30.15877658,9.323296989,2.0263925035362305
20.0,46.0,14.0,29.90313446,10.4140441,1.120304491499049
20.0,47.0,14.0,32.56150572,9.62409347,2.7732579674151085
20.0,48.0,14.0,34.26214176,4.999692677,4.927194499392724
20.0,49.0,14.0,33.16465985,8.423174714,3.595093295095263
20.0,50.0,14.0,32.90006487,9.027787819,0.6599753860402227
20.0,51.0,14.0,35.56066707,11.32516713,3.5152177408029326
20.0,52.0,14.0,35.36922507,10.68042322,0.6725657951799883
19.0,53.0,14.0,37.68842386,10.95865471,2.335828715801972
19.0,54.0,14.0,41.89726137,10.38557751,4.2476735588722985
19.0,55.0,14.0,42.82288897,13.59538904,3.3406102005476046
19.0,56.0,14.0,39.61857571,11.14383913,4.034565705182261
20.0,57.0,14.0,43.80795768,10.67752086,4.215254917498688
20.0,58.0,14.0,42.26609632,13.63859917,3.338460904580659
20.0,59.0,14.0,39.54357778,13.5692138,2.7234025648467366
20.0,60.0,14.0,40.48333895,10.2504466,3.44925597548741
20.0,61.0,14.0,37.17426406,14.84666785,5.663499484115811
20.0,62.0,14.0,33.79526285,17.67400189,4.4058446353592835
20.0,65.0,14.0,32.44329215,11.38812025,6.429629286805545
19.0,66.0,14.0,29.69607585,6.878328378,5.28066474297914
19.0,67.0,14.0,28.66139598,5.509204021,1.7161188590286731
20.0,68.0,14.0,27.05755659,5.780966591,1.6267008585995706
20.0,69.0,14.0,31.30760796,4.008946519,4.604670648722854
20.0,70.0,14.0,34.03148602,5.459926767,3.0862364403647895
20.0,71.0,14.0,37.57441618,0.607494227,6.008199037472749
20.0,72.0,14.0,34.42623457,1.653210258,3.3173135919042376
20.0,73.0,14.0,30.93061991,3.898358475,4.154517104009223
20.0,74.0,14.0,28.19185138,8.329282098,5.209024593316662
20.0,75.0,14.0,29.92961113,6.340792771,2.6408140321334597
20.0,76.0,14.0,26.1977111,10.84529176,5.849580239283503
20.0,77.0,14.0,28.16649252,14.99575086,4.593736063435732
20.0,78.0,14.0,25.54453139,11.3745806,4.470744257854539
20.0,79.0,14.0,21.62726872,7.561051752,5.466987205061279
19.0,80.0,14.0,20.0882346,12.04443608,4.740185761663797
19.0,81.0,14.0,19.00220017,10.63578574,1.7786979967176966
19.0,82.0,14.0,14.84716543,6.051594885,6.1870121614291715
19.0,83.0,14.0,16.57959244,7.555126093,2.2938852278192723
19.0,84.0,14.0,13.50176541,12.04731909,5.445440032623117
19.0,85.0,14.0,12.0811721,11.40972574,1.5571161268129556
18.0,86.0,14.0,10.23436192,13.57925026,2.849130478555319
18.0,87.0,14.0,8.763328511,17.95432882,4.615761226121412
18.0,88.0,14.0,9.010766954,16.78921798,1.1910957361017505
17.0,89.0,14.0,13.11291025,16.75863101,4.102257327819835
17.0,90.0,14.0,13.65076666,13.51011278,3.29274356857931
17.0,91.0,14.0,12.85809385,16.95204353,3.532027388272756
20.0,18.0,15.0,58.06987263,79.79959281,0.0
20.0,19.0,15.0,58.90140095,82.7089453,3.0258505015997152
20.0,20.0,15.0,55.73047885,79.46882952,4.5335523855000766
20.0,21.0,15.0,53.68492552,76.18002272,3.873052877718085
20.0,22.0,15.0,52.2412827,77.00510463,1.6627882456725562
20.0,23.0,15.0,47.80552398,79.61671967,5.14747399597222
20.0,24.0,15.0,43.53134216,82.75717308,5.303873853213248
20.0,25.0,15.0,46.99776119,81.88181603,3.5752357763552927
20.0,26.0,15.0,50.77355969,82.73657916,3.8713401195205863
20.0,27.0,15.0,55.40917048,87.56407587,6.692802991380008
20.0,28.0,15.0,56.90981734,83.62216565,4.217890133819072
20.0,29.0,15.0,56.18577822,84.80532094,1.387115383645266
20.0,30.0,15.0,55.19907261,85.789783,1.39382692913608
20.0,31.0,15.0,58.6154459,81.15648566,5.7566527337921345
20.0,32.0,15.0,57.57986116,83.66425969,2.7131838012311786
20.0,33.0,15.0,62.03870845,83.45936413,4.463552547696517
20.0,34.0,15.0,65.7535371,85.52962198,4.252754338584286
20.0,35.0,15.0,62.10365989,83.73457525,4.067406595234986
20.0,36.0,15.0,61.7344997,81.86584856,1.9048408562919905
20.0,37.0,15.0,64.34175676,83.25055148,2.952150327062687
20.0,38.0,15.0,61.56554007,87.52672554,5.09833734674859
20.0,39.0,15.0,58.33142263,88.5826126,3.4021189131462757
20.0,40.0,15.0,55.92900804,93.29188732,5.286668539891252
20.0,43.0,15.0,50.08009268,88.51278653,7.553119570708685
20.0,44.0,15.0,54.52852256,85.61827025,5.307235899454807
20.0,45.0,15.0,51.30005881,88.4210232,4.275324816174525
20.0,46.0,15.0,51.80351565,87.71492562,0.8672038873440475
20.0,47.0,15.0,46.93520953,86.13874059,5.117105014246392
20.0,48.0,15.0,49.97101893,81.34035331,5.6780858748344185
20.0,48.0,15.0,94.93939659,85.27786241,45.14043605554747
20.0,49.0,15.0,98.28846261,88.28277102,4.499524303831545
20.0,49.0,15.0,49.40003487,82.65780436,49.210960332179184
20.0,50.0,15.0,96.35405436,87.20408801,47.173601105846885
20.0,50.0,15.0,47.41784593,85.39002754,48.96982040903581
20.0,51.0,15.0,93.58589517,88.83731459,46.29657178055587
20.0,51.0,15.0,52.35605729,88.32538504,41.233015939599255
20.0,52.0,15.0,94.30080681,90.20039345,41.9866367887821
20.0,52.0,15.0,48.04917208,87.20099723,46.348787393867084
19.0,53.0,15.0,96.49815176,93.29451486,48.83067262633369
19.0,53.0,15.0,51.83441531,89.5990743,44.816354543933535
19.0,54.0,15.0,95.83165952,92.71713969,44.1075937889463
19.0,54.0,15.0,55.67537299,90.40034264,40.22306423496783
19.0,55.0,15.0,55.4535867,88.72323569,1.6917082727734996
19.0,55.0,15.0,92.58425941,92.07709638,37.28183522072198
19.0,56.0,15.0,95.62758226,93.00893838,3.182788632990903
19.0,56.0,15.0,57.22261077,89.07733941,38.605690067768734
20.0,57.0,15.0,94.07056158,90.03486473,36.86038976509365
20.0,57.0,15.0,55.35736933,91.48903942,38.740494036789165
20.0,58.0,15.0,96.08245522,89.10220337,40.79497036495378
20.0,58.0,15.0,56.83510445,91.10844067,39.29859451134774
20.0,59.0,15.0,97.21489504,90.03534145,40.39404696274214
20.0,59.0,15.0,58.97408814,94.93682092,38.55364850903114
20.0,60.0,15.0,99.95611054,94.33732308,40.98640698639326
20.0,60.0,15.0,59.41685296,92.44575385,40.58336407063207
20.0,61.0,15.0,56.04687965,88.78009226,4.979336803482334
20.0,61.0,15.0,99.98379605,97.95196364,44.88402663923828
20.0,62.0,15.0,53.3216655,91.04272643,47.17088070292191
20.0,62.0,15.0,100.0,95.73462712,46.91354648477039
13.0,63.0,15.0,100.0,92.54848416,3.186142959999998
13.0,64.0,15.0,96.02529452,94.37374637,4.373770202925173
20.0,65.0,15.0,98.65463233,95.32138094,2.794893306971599
20.0,65.0,15.0,51.16918715,94.2858273,47.49673541712212
19.0,66.0,15.0,100.0,96.56545696,48.883995284535374
19.0,66.0,15.0,48.96041745,95.8826625,51.0441494703641
19.0,67.0,15.0,100.0,100.0,51.205385019225965
19.0,67.0,15.0,44.83917865,93.08566886,55.592483189008476
20.0,68.0,15.0,100.0,100.0,55.592483189008476
20.0,68.0,15.0,43.04074569,90.79039038,57.69899098687991
20.0,69.0,15.0,96.94453671,100.0,54.68487538324128
20.0,69.0,15.0,46.8598839,92.99200966,50.572565445147966
20.0,70.0,15.0,51.74008257,95.85894158,5.660003329732652
20.0,70.0,15.0,96.92437036,95.49715837,45.18573613631387
20.0,71.0,15.0,94.16784671,91.63602062,4.744133994469835
20.0,71.0,15.0,47.30830453,94.19433035,46.929326033875796
20.0,72.0,15.0,98.33562511,95.70886087,51.04979185334747
20.0,72.0,15.0,48.29591756,90.72310947,50.28747407369084
20.0,73.0,15.0,95.18871528,91.9303792,46.908335913884336
20.0,73.0,15.0,46.72134845,93.14134487,48.48249256471559
20.0,74.0,15.0,96.12304593,87.44830103,49.72864830326279
20.0,74.0,15.0,49.60945793,95.93377524,47.28125570669967
20.0,75.0,15.0,100.0,83.87529501,51.8132577200637
20.0,75.0,15.0,49.40810704,91.48723272,51.161325520133055
20.0,76.0,15.0,100.0,87.47169575,50.75100166926299
20.0,76.0,15.0,49.00233,89.29704692,51.030326790279524
20.0,77.0,15.0,46.68710532,85.81422278,4.182144104290033
20.0,77.0,15.0,100.0,84.14971231,53.33887263774434
20.0,78.0,15.0,100.0,86.41728443,2.267572119999997
20.0,78.0,15.0,44.98717508,88.39603546,55.048400170370975
20.0,79.0,15.0,100.0,86.86517509,55.034120681182955
20.0,79.0,15.0,45.39946039,88.92978914,54.63956036498314
19.0,80.0,15.0,100.0,84.32401218,54.79445325129584
19.0,80.0,15.0,49.20200723,85.71550449,50.817047536331366
19.0,81.0,15.0,99.35628838,80.88837251,50.386040932242175
19.0,81.0,15.0,44.31542536,81.48332472,55.044078429187884
19.0,82.0,15.0,100.0,79.6501444,55.7147413430536
19.0,82.0,15.0,40.18879664,81.43814313,59.83792264801442
19.0,83.0,15.0,100.0,77.78226481,59.922829486447995
19.0,83.0,15.0,35.40354278,78.97554421,64.60747790389092
19.0,84.0,15.0,40.27606167,81.90139622,5.683489273133874
19.0,84.0,15.0,100.0,77.53888828,59.883055075473614
19.0,85.0,15.0,100.0,77.01458113,0.5243071499999985
19.0,85.0,15.0,37.54527001,79.2555242,62.49492078534691
18.0,86.0,15.0,100.0,73.58446201,62.71167550374214
18.0,86.0,15.0,32.69697971,82.35479186,67.87205040245914
18.0,87.0,15.0,100.0,72.90872459,67.96267157069032
18.0,87.0,15.0,29.89546941,79.86066367,70.44838299220413
18.0,88.0,15.0,96.37059987,68.76675954,67.39449293910928
18.0,88.0,15.0,28.6896453,83.9234907,69.35732197081228
17.0,89.0,15.0,96.80383712,64.7806251,70.75303831406407
17.0,89.0,15.0,33.38500313,81.86750241,65.68036145499026
17.0,90.0,15.0,100.0,63.61594704,69.07008818160207
17.0,90.0,15.0,34.7624664,78.58392891,66.93262486614266
17.0,91.0,15.0,98.16491247,63.03478105,65.28128496614785
17.0,91.0,15.0,36.75020535,76.13607179,62.79657689467945
20.0,18.0,16.0,64.37969243,17.56711254,0.0
20.0,19.0,16.0,59.43840167,18.7611745,5.083516336078846
20.0,20.0,16.0,55.35781775,16.15750754,4.84048001408519
20.0,21.0,16.0,54.84880282,19.04042909,2.9275130849267437
20.0,22.0,16.0,58.82255705,16.93970267,4.494860862377043
20.0,23.0,16.0,54.03129034,17.23858623,4.800579972127589
20.0,24.0,16.0,58.66750627,21.66993045,6.413369609317177
20.0,25.0,16.0,58.10218066,23.96162596,2.3603943221156984
20.0,26.0,16.0,56.82178731,21.88568863,2.43904139546908
20.0,27.0,16.0,60.10409262,17.35920068,5.59129871403321
20.0,28.0,16.0,56.44127513,12.86013882,5.801533382232372
20.0,29.0,16.0,59.2539313,16.81071159,4.8495422404289386
20.0,30.0,16.0,59.03414265,20.08839229,3.285041525128917
20.0,31.0,16.0,62.90920685,15.88517057,5.7169218449792885
20.0,32.0,16.0,63.41912177,16.08854319,0.5489750888740496
20.0,33.0,16.0,61.77378735,14.03139992,2.634191296573394
20.0,34.0,16.0,63.17951658,12.24115586,2.2761916576689396
20.0,35.0,16.0,61.01102418,15.38012874,3.815168414399717
20.0,36.0,16.0,56.24151418,19.78427797,6.49189926602451
20.0,37.0,16.0,54.18984679,24.12399879,4.8002620631306065
20.0,38.0,16.0,56.51191512,23.46361315,2.414147991053407
20.0,39.0,16.0,51.99020385,25.69440714,5.04205460453029
20.0,40.0,16.0,52.31180807,27.4814888,1.8157891215199438
20.0,43.0,16.0,53.5174606,27.01981435,1.2910233618638387
20.0,44.0,16.0,51.84859139,25.78603877,2.075409988867344
20.0,45.0,16.0,49.86851722,24.24707909,2.5078059365443135
20.0,46.0,16.0,46.20753261,21.66718331,4.4786907183147475
20.0,47.0,16.0,45.16539134,20.67032158,1.4421483056106983
20.0,48.0,16.0,45.76867921,24.00841728,3.3921732202892634
20.0,49.0,16.0,42.79040261,20.64466919,4.492764485156798
20.0,50.0,16.0,46.8764491,17.00393036,5.472728309235815
20.0,51.0,16.0,43.92415336,100.0,83.04856185283495
20.0,51.0,16.0,43.20956363,15.6855259,84.31750222368896
20.0,52.0,16.0,42.11459031,17.16010354,1.8366670323985779
20.0,52.0,16.0,41.46056634,100.0,82.84247819118436
19.0,53.0,16.0,40.14978733,96.24379599,3.97834264208058
19.0,53.0,16.0,38.81769638,20.34032943,75.91515462754528
19.0,54.0,16.0,39.10465328,98.03955324,77.69975369934534
19.0,54.0,16.0,36.9173327,22.75574713,75.31557497442189
19.0,55.0,16.0,38.40323305,97.6939684,74.95295128920282
19.0,55.0,16.0,32.48790487,22.18874026,75.73658682532867
19.0,56.0,16.0,41.54350658,94.48101853,72.85723999574283
19.0,56.0,16.0,34.75781106,20.49420303,74.29733865705548
20.0,57.0,16.0,40.45313971,96.06290382,75.78301463731869
20.0,57.0,16.0,38.65809769,22.06331013,74.02136206622149
20.0,58.0,16.0,35.33821806,25.54417329,4.810198446668711
20.0,58.0,16.0,40.99442285,93.44328182,68.13429086587118
20.0,59.0,16.0,41.78438711,95.23155553,1.954985011184102
20.0,59.0,16.0,36.32136276,25.98174064,69.46496597096956
20.0,60.0,16.0,38.31023046,92.20554879,66.25366677110112
20.0,60.0,16.0,39.32692867,27.61518574,64.59836433053876
20.0,61.0,16.0,38.49422253,89.00247144,61.39293318557941
20.0,61.0,16.0,35.54118523,32.18644126,56.89272110481148
20.0,62.0,16.0,42.81282184,84.79733407,53.11104161333312
20.0,62.0,16.0,38.68490056,36.17236396,48.799871437251454
13.0,63.0,16.0,40.51909891,88.81895402,52.67853195119274
13.0,64.0,16.0,36.07935729,89.58834258,4.505914380968538
20.0,65.0,16.0,42.38866389,34.06302948,55.882624711316446
20.0,65.0,16.0,38.44844329,90.96642587,57.0396516389619
19.0,66.0,16.0,38.47789188,95.30034386,4.334018039129355
19.0,66.0,16.0,45.67536369,35.15538256,60.57408662319426
19.0,67.0,16.0,37.15033457,94.87272608,60.322775454902064
19.0,67.0,16.0,44.34056505,33.43553005,61.856515181378995
20.0,68.0,16.0,40.42874934,96.80440459,63.4894996248613
20.0,68.0,16.0,46.38953042,33.4818279,63.60251276281951
20.0,69.0,16.0,37.93988631,93.55338495,60.66290837074218
20.0,69.0,16.0,48.01516566,31.27652665,63.08659393008006
20.0,70.0,16.0,34.68655605,95.60454519,65.69433615935522
20.0,70.0,16.0,43.60206188,29.91370791,66.29307917688091
20.0,71.0,16.0,39.2180137,34.88406405,6.627542425590123
20.0,71.0,16.0,34.70142945,99.13534941,64.40983778662618
20.0,72.0,16.0,30.6980543,99.96640815,4.088724889371736
20.0,72.0,16.0,43.27079597,31.69504273,69.41940052616219
20.0,73.0,16.0,26.82970844,95.42729109,65.81875751022534
20.0,73.0,16.0,45.46987514,33.4924251,64.6790803877347
20.0,74.0,16.0,44.06139658,33.56601699,1.410399808654781
20.0,75.0,16.0,40.41885618,32.63065931,3.760717292640748
20.0,76.0,16.0,44.69427062,34.56935106,4.694432269750899
20.0,77.0,16.0,40.35387931,38.55745256,5.89439990993364
20.0,78.0,16.0,39.22704982,36.88264972,2.018590907639716
20.0,79.0,16.0,40.6856078,34.26562732,2.996030310781829
19.0,80.0,16.0,35.75876524,32.69902079,5.169916211203618
19.0,81.0,16.0,37.63252605,32.00120718,1.999480784452075
19.0,82.0,16.0,37.09716361,35.90322447,3.9385723141287716
19.0,83.0,16.0,38.91731445,39.23046223,3.7925532549883236
19.0,84.0,16.0,35.85104169,34.73849658,5.43873000244523
19.0,85.0,16.0,39.04929519,32.5878829,3.854084152021777
18.0,86.0,16.0,34.47504944,30.20613372,5.157174937678937
18.0,87.0,16.0,39.32361739,29.60082425,4.886206168413171
18.0,88.0,16.0,42.3745028,26.40131787,4.420943661777604
17.0,89.0,16.0,46.88408929,24.0832779,5.070471340349741
17.0,90.0,16.0,48.52828274,22.45982114,2.3106241478467697
17.0,91.0,16.0,49.15482608,19.07059865,3.4466484653384857
20.0,18.0,17.0,42.57299922,51.29173456,0.0
20.0,19.0,17.0,43.86746614,55.25398437,4.16834117651366
20.0,20.0,17.0,40.46226404,58.03453364,4.3962319757653745
20.0,21.0,17.0,36.05935692,56.79400467,4.574330905471966
20.0,22.0,17.0,35.62151038,56.1423944,0.78505129549568
20.0,23.0,17.0,40.37745471,59.22491074,5.667531513492111
20.0,24.0,17.0,41.46602154,63.07586067,4.001848711126302
20.0,25.0,17.0,41.87752947,62.74755489,0.5264251719231219
20.0,26.0,17.0,46.32955617,59.27106093,5.648588495494197
20.0,27.0,17.0,49.93393443,56.28430934,4.681049850357094
20.0,28.0,17.0,51.89225143,53.30104345,3.5685964808207844
20.0,29.0,17.0,49.61905469,51.83481631,2.7050407473491456
20.0,30.0,17.0,47.31751662,49.50453734,3.275252290386741
20.0,31.0,17.0,49.44210969,46.24091495,3.8942427784617335
20.0,32.0,17.0,48.76641041,41.39650454,4.891306751524468
20.0,33.0,17.0,49.0921542,43.61058304,2.2379125588114057
20.0,34.0,17.0,50.72604019,48.58139113,5.232448422672477
20.0,35.0,17.0,46.53540068,44.4061937,5.915550108168436
20.0,36.0,17.0,44.55994766,39.69003265,5.113178041469344
20.0,37.0,17.0,41.95410445,35.77673412,4.701523606236943
20.0,38.0,17.0,42.07967026,32.35362492,3.425411415839795
20.0,39.0,17.0,45.63913804,31.33100568,3.7034525765663986
20.0,40.0,17.0,41.47383039,33.95483477,4.922831188724502
20.0,43.0,17.0,47.92463343,38.90948174,8.133964989978956
20.0,44.0,17.0,52.57709905,41.43031791,5.291507473420242
20.0,45.0,17.0,49.17202391,37.64302122,5.092951298327029
20.0,46.0,17.0,50.34204518,37.87949481,1.1936789899382068
20.0,47.0,17.0,45.90696839,39.5230434,4.729815863317267
20.0,48.0,17.0,48.86959461,42.7287587,4.365061821336047
20.0,49.0,17.0,51.27998541,39.05204682,4.396384202644007
20.0,50.0,17.0,51.19011193,38.53694058,0.5228878282139008
20.0,51.0,17.0,51.94955707,38.42449504,0.7677245079685207
20.0,52.0,17.0,51.21243219,34.61370593,3.8814258629541745
19.0,53.0,17.0,52.72290387,36.52913277,2.4393410330403564
19.0,54.0,17.0,53.73743836,35.2710055,1.6162191865329383
19.0,55.0,17.0,49.60656295,38.79054167,5.426902109388096
19.0,56.0,17.0,48.34107612,40.43360705,2.073914356924601
20.0,57.0,17.0,43.59513789,40.38867372,4.746150933874778
20.0,58.0,17.0,45.85299923,41.65832,2.5903550928365915
20.0,59.0,17.0,46.90083793,45.43707803,3.9213490268665403
20.0,60.0,17.0,46.37206854,43.65687818,1.857069889299001
20.0,61.0,17.0,50.33994974,40.38951741,5.140012414250418
20.0,62.0,17.0,46.67393129,41.16417922,3.7469710694923832
20.0,65.0,17.0,49.05776014,31.57740213,9.878711199313463
19.0,66.0,17.0,45.44069419,34.38519898,4.578961589434803
19.0,67.0,17.0,46.84239664,35.57493491,1.8385432661400611
20.0,68.0,17.0,42.3016758,38.54068245,5.423449475917178
20.0,69.0,17.0,44.62139329,34.87106262,4.34133607661756
20.0,70.0,17.0,41.66916228,38.79108493,4.907366182312397
20.0,71.0,17.0,42.67593629,43.4565807,4.772886410454311
20.0,72.0,17.0,46.9802427,42.9392772,4.335280450245325
20.0,73.0,17.0,42.97956611,45.20918874,4.599772991920275
20.0,74.0,17.0,41.28021351,47.168638,2.5936924763050255
20.0,74.0,17.0,31.80432413,91.68347005,45.51222640106396
20.0,75.0,17.0,32.21512486,90.6609927,1.1019152286049787
20.0,75.0,17.0,42.93586512,47.55339756,44.420704975006146
20.0,76.0,17.0,28.3886602,91.34228304,46.142037910836
20.0,76.0,17.0,45.42416109,47.88232893,46.67950194482045
20.0,77.0,17.0,28.17408428,86.85984333,42.62407510730417
20.0,77.0,17.0,44.7098732,44.62624165,45.35536821669177
20.0,78.0,17.0,29.80468936,82.64521052,40.83633797541384
20.0,78.0,17.0,48.0615243,46.70683719,40.309784167530104
20.0,79.0,17.0,34.76374601,82.14542633,37.85134750155827
20.0,79.0,17.0,44.01498396,44.20291637,39.05405824843585
19.0,80.0,17.0,41.42088496,44.09463634,2.596357869535284
19.0,80.0,17.0,31.15998209,83.56084864,40.77827903450863
19.0,81.0,17.0,34.46514018,84.06841344,3.3439037106488994
19.0,81.0,17.0,44.00640132,41.49829797,43.62625809384535
19.0,82.0,17.0,38.40779575,80.25562241,39.15960395708639
19.0,82.0,17.0,41.90685361,41.20520675,39.20686635178079
19.0,83.0,17.0,40.78876805,82.5939253,41.40381792215054
19.0,83.0,17.0,37.72339222,45.94057461,36.781308375087356
19.0,84.0,17.0,36.36551236,79.88693596,33.973508600363424
19.0,84.0,17.0,38.1256965,42.76529386,37.163349693040324
19.0,85.0,17.0,35.5915736,39.71710427,3.9639927659985426
19.0,85.0,17.0,33.25561188,83.89893724,44.24354282543707
18.0,86.0,17.0,39.07296508,42.73698703,41.57099641990878
18.0,86.0,17.0,30.1415064,87.39338114,45.54080026811332
18.0,87.0,17.0,31.08987455,90.7417491,3.480081916203843
18.0,87.0,17.0,36.96718583,43.33013537,47.77451103218892
18.0,88.0,17.0,30.81308095,89.84885667,46.9240283677895
18.0,88.0,17.0,38.31484806,45.95792928,44.52740748041514
17.0,89.0,17.0,26.32362255,89.32597513,44.99529853306207
17.0,89.0,17.0,42.46655531,46.2503552,46.00112292594274
17.0,90.0,17.0,21.96944363,88.13913685,46.634768310175716
17.0,90.0,17.0,47.3736343,46.52654572,48.754288469326156
17.0,91.0,17.0,17.10349486,91.02287282,53.81639589481293
17.0,91.0,17.0,48.60758207,46.59695967,54.462549243922005
20.0,18.0,18.0,32.27827637,58.24650308,0.0
20.0,19.0,18.0,34.13378749,57.23629604,2.1126854427740116
20.0,20.0,18.0,35.36361926,60.2044366,3.2128405759418643
20.0,21.0,18.0,30.45310407,57.06739468,5.827022519182336
20.0,22.0,18.0,29.57297386,58.38267464,1.5825898267498866
20.0,23.0,18.0,31.86945977,56.88425506,2.742099336741082
20.0,24.0,18.0,30.37648702,61.46902348,4.821728849414058
20.0,25.0,18.0,34.60359973,59.94904217,4.4920847104426755
20.0,26.0,18.0,34.6516378,61.78519789,1.8367840058803993
20.0,27.0,18.0,34.88702559,63.17554488,1.4101319669744163
20.0,28.0,18.0,29.92966463,58.8270852,6.594280042303162
20.0,29.0,18.0,27.9194899,54.5104556,4.761732200442055
20.0,30.0,18.0,24.26365554,54.22428224,3.6670178701133023
20.0,31.0,18.0,21.84922066,54.31782202,2.4162461547208007
20.0,32.0,18.0,18.3743164,51.24389736,4.639393541350235
20.0,33.0,18.0,20.37903696,50.35139011,2.1944187647277524
20.0,34.0,18.0,20.857813,49.35945947,1.1014321999328376
20.0,35.0,18.0,25.19313837,47.65898228,4.6568947526732805
20.0,36.0,18.0,20.30887452,43.65479379,6.315818143349702
20.0,37.0,18.0,20.01127304,39.32791062,4.337105556442851
20.0,38.0,18.0,16.88850664,39.88418146,3.171924847218683
20.0,39.0,18.0,19.59700367,42.03829806,3.460660990029851
20.0,40.0,18.0,18.34772455,40.33559981,2.111842714366071
20.0,43.0,18.0,17.54552297,48.69848138,8.401268685668857
20.0,44.0,18.0,22.36618769,47.26493776,5.02929971796227
20.0,45.0,18.0,25.78630274,44.8166596,4.2060971106204255
20.0,46.0,18.0,26.346984,40.79058903,4.064924071853659
20.0,47.0,18.0,26.85668427,39.38711542,1.4931619266524652
20.0,48.0,18.0,28.64511353,36.0245075,3.808623273792105
20.0,49.0,18.0,26.43882282,39.7575174,4.336252023410346
20.0,50.0,18.0,23.63721989,36.86458821,4.027160075752963
20.0,51.0,18.0,24.56715351,33.35393182,3.6317330334503035
20.0,52.0,18.0,23.26532549,32.36286527,1.6361445841324742
19.0,53.0,18.0,24.66274035,37.0691935,4.909408691425448
19.0,54.0,18.0,22.71240602,33.22612297,4.309639787422032
19.0,55.0,18.0,20.75250195,28.87452547,4.772590990815033
19.0,56.0,18.0,18.34965214,29.46385224,2.474064116237829
20.0,57.0,18.0,14.49985205,32.17392981,4.708023063705306
20.0,58.0,18.0,16.22432439,29.51729218,3.1672588066902723
20.0,59.0,18.0,19.95151077,24.92943869,5.911033577722483
20.0,60.0,18.0,18.92754825,22.33441678,2.789737972596135
20.0,61.0,18.0,19.32943636,19.4990482,2.8637089652076364
20.0,62.0,18.0,20.30029405,15.48425661,4.130510400103948
20.0,65.0,18.0,17.64820132,19.94816757,5.192311326117396
19.0,66.0,18.0,13.64095284,17.24734899,4.832438450982641
19.0,67.0,18.0,14.8075681,14.95045594,2.57618105885498
20.0,68.0,18.0,13.48931875,14.69827512,1.34215368522062
20.0,69.0,18.0,10.63010679,16.20503409,3.2319368226935556
20.0,70.0,18.0,9.847648944,19.04221771,2.94310230443375
20.0,71.0,18.0,5.1945339,16.42469106,5.338813105565631
20.0,72.0,18.0,8.599640096,17.82332474,3.681158021175936
20.0,73.0,18.0,12.41170692,22.52580428,6.053525195682269
20.0,74.0,18.0,14.48988611,22.46454287,2.0790819382853205
20.0,75.0,18.0,15.18388789,19.7660679,2.786288864127276
20.0,76.0,18.0,18.18461951,23.73040342,4.971955990392663
20.0,77.0,18.0,14.86613394,23.32749529,3.3428552824671205
20.0,78.0,18.0,11.76356607,24.55050011,3.3349165173508566
20.0,79.0,18.0,12.60157767,24.20638577,0.9059128659690157
19.0,80.0,18.0,16.33403144,19.89298033,5.704093059813174
19.0,81.0,18.0,18.92869289,24.37913329,5.182454671353416
19.0,82.0,18.0,22.95414527,22.98298728,4.260691322413135
19.0,83.0,18.0,27.91576963,24.14985619,5.096989242961965
19.0,84.0,18.0,23.33857096,21.17946808,5.456551400718147
19.0,85.0,18.0,19.70820136,17.33899786,5.284770093704266
18.0,86.0,18.0,22.92127997,12.60154066,5.724279419793496
18.0,87.0,18.0,21.67498396,10.56747858,2.3855109075072054
18.0,88.0,18.0,19.46953372,12.80584356,3.1423380697828245
20.0,18.0,19.0,6.292217626,88.43480231,0.0
20.0,19.0,19.0,6.949566787,93.07937389,4.69085845887628
20.0,20.0,19.0,6.900014841,89.11341927,3.9662641671038217
20.0,21.0,19.0,11.28883392,88.32828054,4.458494783392757
20.0,22.0,19.0,8.687039462,90.22335422,3.2187945964768083
20.0,23.0,19.0,11.48792692,85.65254097,5.360718638275774
20.0,24.0,19.0,13.14183489,85.58529365,1.6552745316945783
20.0,25.0,19.0,12.63638034,90.39966904,4.840836156900318
20.0,26.0,19.0,14.62931198,92.56891509,2.94574353044417
20.0,27.0,19.0,11.06649092,89.07360308,4.991082042286003
20.0,28.0,19.0,12.78317047,89.91131623,1.9101706727596683
20.0,29.0,19.0,16.13566835,94.06815912,5.340279472794294
20.0,30.0,19.0,16.47009115,95.04736048,1.0347337399474659
20.0,31.0,19.0,15.05650896,92.51638222,2.8989766402090598
20.0,32.0,19.0,12.44958904,90.12173066,3.53982874770846
20.0,33.0,19.0,16.52588199,85.37337581,6.25803787106935
20.0,34.0,19.0,17.66416512,84.3160324,1.55359697821315
20.0,35.0,19.0,17.0062306,80.93086834,3.4485088872907483
20.0,36.0,19.0,12.18943079,80.33825767,4.85311732969788
20.0,37.0,19.0,9.548027337,80.33780216,2.641403492276346
20.0,38.0,19.0,12.29355703,78.46398179,3.3240240784584536
20.0,39.0,19.0,9.158831801,82.28901303,4.945438933836415
20.0,40.0,19.0,12.84047324,80.55546686,4.06935695274864
20.0,43.0,19.0,14.7021313,88.98194333,8.629674178775614
20.0,44.0,19.0,12.44910024,92.92429879,4.5407395356171385
20.0,45.0,19.0,7.530614658,89.88269097,5.782981804486938
20.0,46.0,19.0,7.925224188,87.47018957,2.444561246148021
20.0,47.0,19.0,7.919220783,90.88350085,3.413316559454579
20.0,48.0,19.0,10.65986421,93.74597584,3.9629394976877683
20.0,49.0,19.0,7.964007268,93.81593357,2.6967644939290394
20.0,50.0,19.0,4.528387485,91.5657708,4.106910734948478
20.0,51.0,19.0,6.090951183,86.82180132,4.994682346003478
20.0,52.0,19.0,2.195739457,88.85394269,4.393435209267724
19.0,53.0,19.0,,,0.0
19.0,54.0,19.0,,,0.0
19.0,55.0,19.0,,,0.0
19.0,56.0,19.0,,,0.0
20.0,57.0,19.0,2.136236693,80.80407309,0.0
20.0,58.0,19.0,4.535021437,81.14927524,2.4234959815134345
20.0,59.0,19.0,4.122475223,82.20131692,1.1300380857046193
20.0,60.0,19.0,0.0,87.1186236,6.4167520560967315
20.0,61.0,19.0,0.779770336,86.94529669,0.7988015990442815
20.0,62.0,19.0,5.235832419,87.41785673,4.481049238622032
20.0,65.0,19.0,1.56595733,85.47034013,4.154612385787431
19.0,66.0,19.0,,,0.0
19.0,67.0,19.0,,,0.0
20.0,68.0,19.0,2.612110123,85.08427358,0.0
20.0,69.0,19.0,1.827296458,87.15388377,2.213417906162895
20.0,70.0,19.0,1.851646729,87.59391859,0.4407080422572443
20.0,71.0,19.0,4.353079681,83.76315602,4.575140290861524
20.0,72.0,19.0,8.680070404,83.48117658,4.336168945222359
20.0,73.0,19.0,12.52923443,87.4601505,5.536090421506201
20.0,74.0,19.0,17.03395532,83.34164982,6.103651214475056
20.0,75.0,19.0,15.27706352,82.72838594,1.8608496401966228
20.0,76.0,19.0,18.20112432,80.96144354,3.416462645341578
20.0,77.0,19.0,20.88869993,79.27558941,3.1725647049516517
20.0,78.0,19.0,24.15217561,78.67218149,3.318791140139761
20.0,79.0,19.0,19.48717225,74.64685975,6.1616127320148815
19.0,80.0,19.0,22.38902533,74.38840515,2.913340021035417
19.0,81.0,19.0,21.51914021,72.93815065,1.6911351917477393
19.0,82.0,19.0,19.13081089,74.51655658,2.862775265477686
19.0,83.0,19.0,14.22505458,71.70380062,5.654913002303426
19.0,84.0,19.0,13.19894477,67.8119343,4.0248633262420865
19.0,85.0,19.0,10.83452849,69.97694654,3.2058918173386384
20.0,18.0,20.0,59.16706303,70.57717196,0.0
20.0,19.0,20.0,56.91570147,68.57283532,3.014298299819071
20.0,20.0,20.0,56.83524888,71.96414075,3.392259591892285
20.0,21.0,20.0,57.96774846,76.41002752,4.587860554807787
20.0,22.0,20.0,61.74255683,79.93348863,5.16371537014817
20.0,23.0,20.0,66.69885228,76.02721981,6.310610167154587
20.0,24.0,20.0,68.57178263,76.14163093,1.8764215945066272
20.0,25.0,20.0,66.72421333,73.4260773,3.2844700996825487
20.0,26.0,20.0,70.13890213,70.0769807,4.782943407252183
20.0,27.0,20.0,67.64770643,70.0601035,2.4912528686543163
20.0,28.0,20.0,71.11886966,69.2841051,3.5568451872560596
20.0,29.0,20.0,73.23443359,70.8595907,2.637757687454319
20.0,30.0,20.0,69.66581703,69.2658804,3.908316347563524
20.0,31.0,20.0,67.63412812,69.91989632,2.134360946660719
20.0,32.0,20.0,65.84466145,66.48439045,3.8736147905858336
20.0,33.0,20.0,67.61837375,65.1428301,2.2239243458048286
20.0,34.0,20.0,71.81482106,67.24560764,4.693809051115595
20.0,35.0,20.0,67.00538876,65.95483757,4.979631153197101
20.0,36.0,20.0,63.25880169,70.43258924,5.83842227757457
20.0,37.0,20.0,66.14950796,67.14952679,4.37432072326862
20.0,38.0,20.0,61.90170067,62.64607979,6.19071091675149
20.0,39.0,20.0,61.02005714,59.12706982,3.627771558815446
20.0,40.0,20.0,57.95811276,62.4020341,4.483402103480068
20.0,43.0,20.0,48.19438832,54.8920672,12.317869855593901
20.0,44.0,20.0,50.02933085,52.5173654,3.0010369420128806
20.0,45.0,20.0,48.48684672,48.81207398,4.013532334294503
20.0,46.0,20.0,51.59630466,46.80332047,3.7018670079523854
20.0,47.0,20.0,52.06047148,46.55696658,0.5254912710093681
20.0,48.0,20.0,55.62861774,42.01203375,5.778242134244968
20.0,49.0,20.0,51.00426874,45.24561211,5.64275045381783
20.0,50.0,20.0,52.59602734,49.10164348,4.171651155969061
20.0,51.0,20.0,53.90541297,51.97301071,3.1558264365405706
20.0,52.0,20.0,55.11411694,52.76984203,1.447724227754275
20.0,57.0,20.0,62.82954201,44.04817493,11.644537818823329
20.0,58.0,20.0,63.68504978,48.80990454,4.837970899383448
20.0,59.0,20.0,62.16948557,46.19063827,3.0261346083399236
20.0,60.0,20.0,61.338088,48.86275049,2.798464871259821
20.0,61.0,20.0,65.59621367,46.27457143,4.983001612295086
20.0,62.0,20.0,70.28176719,42.11251879,6.267144004003367
20.0,65.0,20.0,65.44371555,43.2319014,4.965859552874721
20.0,68.0,20.0,70.96846067,47.69341496,7.101261288463321
20.0,69.0,20.0,72.638138,44.22218345,3.851917779799145
20.0,70.0,20.0,74.49662668,43.29176067,2.078380793606191
20.0,71.0,20.0,71.41094693,40.71020816,4.023162050110266
20.0,72.0,20.0,71.12923126,41.86908717,1.1926291454354647
20.0,73.0,20.0,69.52806518,40.18250873,2.325570822403693
20.0,74.0,20.0,68.9927904,35.68534454,4.528907687502848
20.0,75.0,20.0,65.70249042,31.92393488,4.997426996838406
20.0,76.0,20.0,69.51999497,35.92799338,5.5322531992573225
20.0,77.0,20.0,69.14332551,37.37437077,1.4946194955238312
20.0,78.0,20.0,71.16966204,36.05635596,2.4172717621715223
20.0,79.0,20.0,66.81506144,33.1043508,5.260882136123854
19.0,81.0,21.0,77.2318851,1.827402838,0.0
19.0,82.0,21.0,73.20112345,0.0,4.425657082450153
19.0,83.0,21.0,72.49966767,0.0,0.7014557800000034
19.0,84.0,21.0,71.67047521,0.0,0.8291924599999874
19.0,85.0,21.0,71.06521581,0.0,0.6052594000000084
18.0,86.0,21.0,72.46908255,0.0,1.403866739999998
18.0,87.0,21.0,77.38507425,2.867879477,5.691371283712454
18.0,88.0,21.0,75.5221707,0.0,3.419816125349489
17.0,89.0,21.0,78.72807077,0.0,3.2059000699999984
17.0,90.0,21.0,82.63304295,0.0,3.9049721800000015
17.0,91.0,21.0,78.66422312,0.123129127,3.970729356795426
5.0,92.0,21.0,74.49575506,0.0,4.170286171134545
5.0,93.0,21.0,70.91642159,2.734840159,4.504550897119639
5.0,94.0,21.0,74.43077154,6.75397374,5.338922205182134
5.0,95.0,21.0,78.47183643,9.205343719,4.726459586110219
5.0,96.0,21.0,79.78502643,8.072557324,1.7342643952976464
5.0,97.0,21.0,77.70796412,5.657117251,3.185677100064724
5.0,98.0,21.0,79.01664934,10.62402016,5.13641718637409
5.0,99.0,21.0,80.84424023,8.969556663,2.4652257349209314
19.0,81.0,31.0,32.19356417,33.86649017,0.0
19.0,82.0,31.0,30.54862068,30.44511305,3.796269284778528
19.0,83.0,31.0,28.01227779,30.56347851,2.5391033137260415
19.0,84.0,31.0,27.9476762,26.89165869,3.672388072627314
19.0,85.0,31.0,30.94104895,29.64690619,4.0683742707252
18.0,86.0,31.0,31.20791061,31.35394562,1.727772774745767
18.0,87.0,31.0,33.45997829,29.94899884,2.6543707898356934
18.0,88.0,31.0,29.77125638,31.31139809,3.9322768271975233
17.0,89.0,31.0,26.9834924,35.9382987,5.401836471331189
17.0,90.0,31.0,31.47311261,31.36137454,6.411312221100462
17.0,91.0,31.0,36.17484776,29.47735673,5.0651590823134764
5.0,92.0,31.0,39.47300411,33.53304709,5.227471626440666
5.0,93.0,31.0,34.99804252,35.56210803,4.9134885295692925
5.0,94.0,31.0,32.25341139,32.6315244,4.01513641763129
5.0,95.0,31.0,31.95327555,36.55630237,3.936237243389907
5.0,96.0,31.0,35.60473188,36.54293234,3.651480807508001
5.0,97.0,31.0,37.39154491,37.89116868,2.2384016691993347
5.0,98.0,31.0,41.15666446,36.25379967,4.105740189137714
5.0,99.0,31.0,36.93398784,37.18743007,4.324657623546492
