検知数,time_step,id,x,y
7,0.0,1.0,83.82143308,11.84630238
7,0.0,2.0,40.19588667,40.3161409
7,0.0,3.0,36.40835329,27.51333847
7,0.0,4.0,31.40749166,23.96961489
7,0.0,5.0,67.92644809,92.29436265
7,0.0,6.0,76.78823497,70.34127819
7,0.0,7.0,43.49797788,65.14436699
7,1.0,1.0,84.73466127,8.5931274
7,1.0,2.0,44.58949045,43.33668482
7,1.0,3.0,36.9231717,28.90342026
7,1.0,4.0,34.09579987,23.70302298
7,1.0,5.0,67.61935122,94.98460958
7,1.0,6.0,77.46658826,73.94450809
7,1.0,7.0,43.54709298,64.13266561
7,2.0,1.0,84.77172543,8.588696476
7,2.0,2.0,43.38020195,39.72304424
7,2.0,3.0,35.11427618,25.64285162
7,2.0,4.0,34.70820664,18.79198036
7,2.0,5.0,63.13488724,90.77037237
7,2.0,6.0,78.26315282,71.99917125
7,2.0,7.0,48.36873059,60.25521949
7,3.0,1.0,82.22191941,9.733282296
7,3.0,2.0,38.75343385,37.46809224
7,3.0,3.0,38.91968714,27.40625507
7,3.0,4.0,38.94507663,13.93030288
7,3.0,5.0,59.74030347,88.40196242
7,3.0,6.0,76.66060919,71.67207037
7,3.0,7.0,46.31341466,63.85480714
7,4.0,1.0,84.10228647,10.57187561
7,4.0,2.0,42.48849763,42.37224599
7,4.0,3.0,42.71078418,28.24480987
7,4.0,4.0,36.55687551,10.67152593
7,4.0,5.0,56.97888415,89.62164242
7,4.0,6.0,79.04788187,69.46579659
7,4.0,7.0,45.69538054,67.79170724
7,5.0,1.0,81.29304154,11.06845302
7,5.0,2.0,44.32672396,45.67775284
7,5.0,3.0,40.5803856,28.9584267
7,5.0,4.0,37.78758289,7.124914079
7,5.0,5.0,61.0667514,92.50420701
7,5.0,6.0,80.85384887,74.05605933
7,5.0,7.0,48.04755794,68.15357529
8,6.0,1.0,82.02191987,14.4868079
8,6.0,2.0,43.00308919,46.48161983
8,6.0,3.0,43.99536356,33.7191214
8,6.0,4.0,35.90188159,5.837876098
8,6.0,5.0,61.91934477,88.00553871
8,6.0,6.0,85.59712548,75.41360709
8,6.0,7.0,46.64418186,68.18806394
8,6.0,8.0,54.3599952,66.05192218
8,7.0,1.0,77.14237056,17.53187184
8,7.0,2.0,38.25144986,51.35628659
8,7.0,3.0,48.39881236,34.56439235
8,7.0,4.0,35.11740639,2.159129231
8,7.0,5.0,60.40527191,85.04667829
8,7.0,6.0,80.80144417,75.65866764
8,7.0,7.0,44.42624643,72.57715755
8,7.0,8.0,50.86728822,64.29727311
8,8.0,1.0,81.0827677,19.00675972
8,8.0,2.0,37.14317252,48.98289747
8,8.0,3.0,50.00795136,36.54083628
8,8.0,4.0,38.39644679,3.391780511
8,8.0,5.0,55.77007415,80.61840819
8,8.0,6.0,81.3099587,78.16389371
8,8.0,7.0,46.28520167,75.29641208
8,8.0,8.0,51.88509439,63.90545716
8,9.0,1.0,81.6450997,17.22758361
8,9.0,2.0,37.21632789,44.85766418
8,9.0,3.0,52.62132559,31.62968975
8,9.0,4.0,35.657831,8.170303254
8,9.0,5.0,57.8522628,79.45095285
8,9.0,6.0,79.99850923,74.68116757
8,9.0,7.0,42.1362197,78.4188501
8,9.0,8.0,51.06141846,61.71129198
8,10.0,1.0,82.07258937,17.73269724
8,10.0,2.0,34.22302111,48.17361854
8,10.0,3.0,49.35327554,34.33632352
8,10.0,4.0,32.49413371,6.261543054
8,10.0,5.0,57.97888099,77.26965687
8,10.0,6.0,77.68909143,78.88901248
8,10.0,7.0,37.30198624,81.32827387
8,10.0,8.0,47.65366849,64.0278085
11,11.0,1.0,86.89341038,21.49508769
11,11.0,2.0,36.82769946,45.88415675
11,11.0,3.0,51.29931141,38.93682973
11,11.0,4.0,31.5640386,10.15402617
11,11.0,5.0,54.18246451,78.06589563
11,11.0,6.0,78.40403233,76.94301473
11,11.0,7.0,41.3737029,80.95036532
11,11.0,8.0,48.02284309,60.31818666
11,11.0,9.0,60.98979522,3.914729895
11,11.0,10.0,43.15193001,77.81820147
11,11.0,11.0,72.46645665,54.78534062
11,12.0,1.0,89.35262341,23.01523536
11,12.0,2.0,40.23246452,44.86679701
11,12.0,3.0,54.07578124,41.06464641
11,12.0,4.0,34.71353413,14.23122389
11,12.0,5.0,58.0716254,77.15577091
11,12.0,6.0,76.37469577,73.13978742
11,12.0,7.0,45.63931377,79.16486484
11,12.0,8.0,51.44563517,58.23099381
11,12.0,9.0,63.60693225,1.84878251
11,12.0,10.0,38.70436779,82.57824553
11,12.0,11.0,72.19068281,58.82806775
11,13.0,1.0,93.29065063,19.88963179
11,13.0,2.0,44.45627162,40.22108392
11,13.0,3.0,52.11399615,40.77010578
11,13.0,4.0,36.58072066,10.38813072
11,13.0,5.0,55.79089302,74.43270432
11,13.0,6.0,72.5689559,76.58516759
11,13.0,7.0,40.75980602,78.96650825
11,13.0,8.0,49.71696181,63.22182385
11,13.0,9.0,61.72416735,0.69373114
11,13.0,10.0,41.7661913,83.27160323
11,13.0,11.0,74.75205202,57.74338978
11,14.0,1.0,96.15189454,17.49409724
11,14.0,2.0,40.34020804,44.61354949
11,14.0,3.0,52.25022192,42.92085291
11,14.0,4.0,32.21928298,12.20682551
11,14.0,5.0,60.49023566,71.09595157
11,14.0,6.0,67.60469801,79.2599037
11,14.0,7.0,38.47599673,82.74842106
11,14.0,8.0,54.57422879,65.77717056
11,14.0,9.0,57.1683814,0.728806781
11,14.0,10.0,42.52201758,82.0597866
11,14.0,11.0,78.04160724,55.17454439
11,15.0,1.0,100.0,19.94852581
11,15.0,2.0,39.56000874,49.05519159
11,15.0,3.0,53.35574317,40.97229949
11,15.0,4.0,32.21090502,8.464307112
11,15.0,5.0,61.90080801,71.00084192
11,15.0,6.0,62.89099959,79.43776284
11,15.0,7.0,40.23220592,86.44513437
11,15.0,8.0,55.53213574,61.71281471
11,15.0,9.0,56.43898414,0.584641974
11,15.0,10.0,46.10564827,86.78245683
11,15.0,11.0,78.97639881,57.07700187
11,16.0,1.0,100.0,23.75716155
11,16.0,2.0,36.06357753,48.21246424
11,16.0,3.0,54.95255961,43.74948172
11,16.0,4.0,30.90699104,8.531657478
11,16.0,5.0,64.64161017,68.85949346
11,16.0,6.0,62.31695542,83.78859439
11,16.0,7.0,38.5438004,87.04299218
11,16.0,8.0,53.28069266,65.59756851
11,16.0,9.0,56.52366103,0.0
11,16.0,10.0,47.29373988,88.42194973
11,16.0,11.0,74.81658367,55.07393783
11,17.0,1.0,99.86942055,27.67084907
11,17.0,2.0,38.78470241,43.62744789
11,17.0,3.0,53.01204653,46.71870554
11,17.0,4.0,30.70600639,6.922227976
11,17.0,5.0,61.13240714,68.69788974
11,17.0,6.0,58.94792206,81.10126614
11,17.0,7.0,33.67099945,90.36180871
11,17.0,8.0,56.37774255,63.01203262
11,17.0,9.0,61.2851461,1.482719905
11,17.0,10.0,50.31689504,89.73125462
11,17.0,11.0,75.49416406,57.02567895
20,18.0,1.0,100.0,22.69472182
20,18.0,2.0,40.19038028,45.79840732
20,18.0,3.0,51.43535995,50.40197139
20,18.0,4.0,35.29374552,6.565349464
20,18.0,5.0,61.24493343,72.49156829
20,18.0,6.0,61.84202378,82.99648964
20,18.0,7.0,30.39186862,91.76135548
20,18.0,8.0,56.35853736,62.34782711
20,18.0,9.0,65.29458461,0.0
20,18.0,10.0,53.10324306,88.09703534
20,18.0,11.0,75.9710326,61.3220853
20,18.0,12.0,87.06036045,57.53741852
20,18.0,13.0,0.0,46.59457697
20,18.0,14.0,47.51399829,8.461459362
20,18.0,15.0,58.06987263,79.79959281
20,18.0,16.0,64.37969243,17.56711254
20,18.0,17.0,42.57299922,51.29173456
20,18.0,18.0,32.27827637,58.24650308
20,18.0,19.0,6.292217626,88.43480231
20,18.0,20.0,59.16706303,70.57717196
20,19.0,1.0,100.0,26.74162722
20,19.0,2.0,35.92747529,43.64736824
20,19.0,3.0,47.83857509,45.79416136
20,19.0,4.0,36.8758647,3.686755087
20,19.0,5.0,64.50634017,70.02802598
20,19.0,6.0,65.99574985,79.32107103
20,19.0,7.0,30.99846502,94.09332199
20,19.0,8.0,60.29592913,61.04323992
20,19.0,9.0,63.79426012,0.0
20,19.0,10.0,57.13357486,87.05546557
20,19.0,11.0,78.33721981,65.59384307
20,19.0,12.0,88.10788348,60.68189986
20,19.0,13.0,0.0,47.52354169
20,19.0,14.0,45.56979173,5.927432336
20,19.0,15.0,58.90140095,82.7089453
20,19.0,16.0,59.43840167,18.7611745
20,19.0,17.0,43.86746614,55.25398437
20,19.0,18.0,34.13378749,57.23629604
20,19.0,19.0,6.949566787,93.07937389
20,19.0,20.0,56.91570147,68.57283532
20,20.0,1.0,100.0,22.47006451
20,20.0,2.0,37.56409375,41.87120221
20,20.0,3.0,46.77188076,42.202948
20,20.0,4.0,35.52333288,4.796053627
20,20.0,5.0,68.8791085,65.7468586
20,20.0,6.0,66.28220167,78.44113003
20,20.0,7.0,34.97691527,94.94308681
20,20.0,8.0,61.79501983,63.83462774
20,20.0,9.0,67.38927436,3.464798623
20,20.0,10.0,58.25433607,83.33545346
20,20.0,11.0,77.40657568,68.15423779
20,20.0,12.0,88.09160892,63.62381529
20,20.0,13.0,1.334901077,51.30865443
20,20.0,14.0,43.11466578,4.739372348
20,20.0,15.0,55.73047885,79.46882952
20,20.0,16.0,55.35781775,16.15750754
20,20.0,17.0,40.46226404,58.03453364
20,20.0,18.0,35.36361926,60.2044366
20,20.0,19.0,6.900014841,89.11341927
20,20.0,20.0,56.83524888,71.96414075
20,21.0,1.0,99.2773658,25.71659858
20,21.0,2.0,36.84788802,43.40860692
20,21.0,3.0,49.41472584,41.18605717
20,21.0,4.0,32.97887601,8.439949342
20,21.0,5.0,72.79626718,62.40226103
20,21.0,6.0,69.85066887,78.42340111
20,21.0,7.0,32.31208066,92.77714016
20,21.0,8.0,59.76903968,60.47618606
20,21.0,9.0,70.95458367,3.415762501
20,21.0,10.0,59.2083026,79.68349064
20,21.0,11.0,75.644071,69.56744315
20,21.0,12.0,83.18025294,60.68512905
20,21.0,13.0,0.0,53.73682493
20,21.0,14.0,39.16214881,1.978481601
20,21.0,15.0,53.68492552,76.18002272
20,21.0,16.0,54.84880282,19.04042909
20,21.0,17.0,36.05935692,56.79400467
20,21.0,18.0,30.45310407,57.06739468
20,21.0,19.0,11.28883392,88.32828054
20,21.0,20.0,57.96774846,76.41002752
20,22.0,1.0,100.0,30.68415205
20,22.0,2.0,39.46675538,46.59466511
20,22.0,3.0,48.3737653,38.05988043
20,22.0,4.0,34.18405745,4.983120883
20,22.0,5.0,71.36849399,61.9832322
20,22.0,6.0,73.25113057,79.41694663
20,22.0,7.0,33.82613089,89.16437624
20,22.0,8.0,62.46124389,59.19435307
20,22.0,9.0,66.52569368,0.756477995
20,22.0,10.0,62.44186186,79.12208407
20,22.0,11.0,74.16019597,72.0666326
20,22.0,12.0,79.4926709,62.82281849
20,22.0,13.0,1.217675954,51.61766546
20,22.0,14.0,35.67904049,3.38070394
20,22.0,15.0,52.2412827,77.00510463
20,22.0,16.0,58.82255705,16.93970267
20,22.0,17.0,35.62151038,56.1423944
20,22.0,18.0,29.57297386,58.38267464
20,22.0,19.0,8.687039462,90.22335422
20,22.0,20.0,61.74255683,79.93348863
20,23.0,1.0,96.40910774,29.8362186
20,23.0,2.0,40.11522471,46.14466446
20,23.0,3.0,48.93428436,38.36182869
20,23.0,4.0,32.1466219,4.257384214
20,23.0,5.0,66.76752686,62.5071395
20,23.0,6.0,77.17481056,80.93949649
20,23.0,7.0,35.45798945,88.96754004
20,23.0,8.0,61.62038283,59.64234943
20,23.0,9.0,63.2677659,0.0
20,23.0,10.0,59.5655165,78.17893867
20,23.0,11.0,69.98206925,71.1126216
20,23.0,12.0,76.80621385,61.82012502
20,23.0,13.0,0.0,47.16340741
20,23.0,14.0,33.63017356,7.556322906
20,23.0,15.0,47.80552398,79.61671967
20,23.0,16.0,54.03129034,17.23858623
20,23.0,17.0,40.37745471,59.22491074
20,23.0,18.0,31.86945977,56.88425506
20,23.0,19.0,11.48792692,85.65254097
20,23.0,20.0,66.69885228,76.02721981
20,24.0,1.0,96.4508509,25.25750925
20,24.0,2.0,39.14720494,42.69408539
20,24.0,3.0,48.0916809,39.14300918
20,24.0,4.0,35.56146322,7.601029254
20,24.0,5.0,62.66561427,59.93634421
20,24.0,6.0,78.34621536,77.40176523
20,24.0,7.0,37.34486349,92.10777248
20,24.0,8.0,62.3306319,64.03536084
20,24.0,9.0,64.25367524,0.0
20,24.0,10.0,57.3608241,77.08998598
20,24.0,11.0,74.60240941,66.3007425
20,24.0,12.0,77.8314229,64.33914608
20,24.0,13.0,0.0,49.15309122
20,24.0,14.0,35.99321489,3.868084449
20,24.0,15.0,43.53134216,82.75717308
20,24.0,16.0,58.66750627,21.66993045
20,24.0,17.0,41.46602154,63.07586067
20,24.0,18.0,30.37648702,61.46902348
20,24.0,19.0,13.14183489,85.58529365
20,24.0,20.0,68.57178263,76.14163093
20,25.0,1.0,100.0,26.5997177
20,25.0,2.0,40.29132024,41.84590553
20,25.0,3.0,51.18788753,35.02841016
20,25.0,4.0,38.57475724,9.578958575
20,25.0,5.0,66.66474534,58.88917134
20,25.0,6.0,78.98700448,77.93368484
20,25.0,7.0,36.17494537,87.9977484
20,25.0,8.0,61.13289008,61.07781234
20,25.0,9.0,59.59823897,1.375753264
20,25.0,10.0,55.57000727,79.11932047
20,25.0,11.0,76.38442203,65.23812952
20,25.0,12.0,80.62675773,65.34023166
20,25.0,13.0,0.078261684,49.33395421
20,25.0,14.0,32.91913039,1.567504397
20,25.0,15.0,46.99776119,81.88181603
20,25.0,16.0,58.10218066,23.96162596
20,25.0,17.0,41.87752947,62.74755489
20,25.0,18.0,34.60359973,59.94904217
20,25.0,19.0,12.63638034,90.39966904
20,25.0,20.0,66.72421333,73.4260773
20,26.0,1.0,100.0,30.39666886
20,26.0,2.0,44.73345072,37.05860257
20,26.0,3.0,48.26329235,34.37321428
20,26.0,4.0,36.52919489,13.63689442
20,26.0,5.0,65.74000282,62.41636445
20,26.0,6.0,78.01141212,77.90187931
20,26.0,7.0,37.92994617,91.48864772
20,26.0,8.0,56.63407094,58.69603393
20,26.0,9.0,63.77462437,0.0
20,26.0,10.0,50.81687858,80.96675488
20,26.0,11.0,78.18214307,60.3934033
20,26.0,12.0,76.47553948,68.70801727
20,26.0,13.0,0.0,51.60286812
20,26.0,14.0,30.51461935,0.0
20,26.0,15.0,50.77355969,82.73657916
20,26.0,16.0,56.82178731,21.88568863
20,26.0,17.0,46.32955617,59.27106093
20,26.0,18.0,34.6516378,61.78519789
20,26.0,19.0,14.62931198,92.56891509
20,26.0,20.0,70.13890213,70.0769807
20,27.0,1.0,100.0,32.4617192
20,27.0,2.0,48.26655785,40.48946939
20,27.0,3.0,52.8110706,29.83858532
20,27.0,4.0,41.44559819,16.49085922
20,27.0,5.0,66.08179096,66.31252858
20,27.0,6.0,80.51521376,81.5240369
20,27.0,7.0,35.25236217,95.84987839
20,27.0,8.0,55.45167567,59.11174256
20,27.0,9.0,58.95419323,0.188764852
20,27.0,10.0,51.22897342,76.31087295
20,27.0,11.0,81.60395621,62.13562345
20,27.0,12.0,77.75634526,70.13932574
20,27.0,13.0,4.448263847,50.02144967
20,27.0,14.0,33.58543653,1.777847993
20,27.0,15.0,55.40917048,87.56407587
20,27.0,16.0,60.10409262,17.35920068
20,27.0,17.0,49.93393443,56.28430934
20,27.0,18.0,34.88702559,63.17554488
20,27.0,19.0,11.06649092,89.07360308
20,27.0,20.0,67.64770643,70.0601035
20,28.0,1.0,100.0,32.79832372
20,28.0,2.0,51.29822981,41.54070281
20,28.0,3.0,51.43385583,34.33974711
20,28.0,4.0,40.31685343,19.67628776
20,28.0,5.0,64.33987748,70.46901475
20,28.0,6.0,79.27240568,83.62463186
20,28.0,7.0,34.56357432,99.25053015
20,28.0,8.0,56.36607472,58.38025759
20,28.0,9.0,60.66677969,2.750053323
20,28.0,10.0,52.42928009,72.908966
20,28.0,11.0,80.12610273,63.66311374
20,28.0,12.0,75.78083389,68.94990275
20,28.0,13.0,2.826618057,50.65968713
20,28.0,14.0,34.5466121,0.0
20,28.0,15.0,56.90981734,83.62216565
20,28.0,16.0,56.44127513,12.86013882
20,28.0,17.0,51.89225143,53.30104345
20,28.0,18.0,29.92966463,58.8270852
20,28.0,19.0,12.78317047,89.91131623
20,28.0,20.0,71.11886966,69.2841051
20,29.0,1.0,96.79379383,28.1337111
20,29.0,2.0,50.1329915,39.88127725
20,29.0,3.0,55.47341463,35.96895862
20,29.0,4.0,36.1088072,14.71064226
20,29.0,5.0,61.14255394,73.56288208
20,29.0,6.0,82.81735278,82.79050683
20,29.0,7.0,33.14305225,95.19683127
20,29.0,8.0,51.90619106,53.38156973
20,29.0,9.0,64.69511702,0.0
20,29.0,10.0,49.70256592,76.51514368
20,29.0,11.0,77.14317801,58.85302543
20,29.0,12.0,72.3791227,71.37317492
20,29.0,13.0,0.0,46.00301324
20,29.0,14.0,34.07606719,0.0
20,29.0,15.0,56.18577822,84.80532094
20,29.0,16.0,59.2539313,16.81071159
20,29.0,17.0,49.61905469,51.83481631
20,29.0,18.0,27.9194899,54.5104556
20,29.0,19.0,16.13566835,94.06815912
20,29.0,20.0,73.23443359,70.8595907
20,30.0,1.0,97.15816914,28.97049987
20,30.0,2.0,46.67808485,43.50803073
20,30.0,3.0,51.27028607,40.33639445
20,30.0,4.0,40.13088271,13.31988925
20,30.0,5.0,59.92778174,69.39146322
20,30.0,6.0,80.03563188,84.69678341
20,30.0,7.0,29.90823509,95.35315619
20,30.0,8.0,49.08951462,55.68461436
20,30.0,9.0,60.1384441,2.83804821
20,30.0,10.0,53.00275114,77.66077783
20,30.0,11.0,73.93920254,63.57365089
20,30.0,12.0,73.21354011,75.5196463
20,30.0,13.0,3.130256383,47.35000082
20,30.0,14.0,31.16934491,3.570769552
20,30.0,15.0,55.19907261,85.789783
20,30.0,16.0,59.03414265,20.08839229
20,30.0,17.0,47.31751662,49.50453734
20,30.0,18.0,24.26365554,54.22428224
20,30.0,19.0,16.47009115,95.04736048
20,30.0,20.0,69.66581703,69.2658804
20,31.0,1.0,95.5593319,29.54761656
20,31.0,2.0,51.12129633,47.64293497
20,31.0,3.0,48.44476201,41.05583424
20,31.0,4.0,40.12934928,17.21265669
20,31.0,5.0,57.30770249,66.21328688
20,31.0,6.0,80.56004848,85.98721377
20,31.0,7.0,33.23554523,98.4884516
20,31.0,8.0,49.62769773,57.99233829
20,31.0,9.0,58.12702948,4.179688072
20,31.0,10.0,55.59023135,73.72804447
20,31.0,11.0,77.3059432,60.99821171
20,31.0,12.0,74.15195715,77.98615217
20,31.0,13.0,2.753366339,47.44492617
20,31.0,14.0,31.12095328,0.0
20,31.0,15.0,58.6154459,81.15648566
20,31.0,16.0,62.90920685,15.88517057
20,31.0,17.0,49.44210969,46.24091495
20,31.0,18.0,21.84922066,54.31782202
20,31.0,19.0,15.05650896,92.51638222
20,31.0,20.0,67.63412812,69.91989632
20,32.0,1.0,95.57458975,30.25172262
20,32.0,2.0,46.94495711,46.80453029
20,32.0,3.0,46.54376211,40.5244035
20,32.0,4.0,41.91915285,12.41764528
20,32.0,5.0,59.00995601,61.79714035
20,32.0,6.0,79.20638516,88.0895053
20,32.0,7.0,31.19283803,100.0
20,32.0,8.0,52.94045937,55.68167122
20,32.0,9.0,60.24859008,5.618888999
20,32.0,10.0,54.85858037,76.74706293
20,32.0,11.0,76.33678921,57.59609776
20,32.0,12.0,73.49841194,77.4524836
20,32.0,13.0,0.0,44.75413877
20,32.0,14.0,34.11106571,0.0
20,32.0,15.0,57.57986116,83.66425969
20,32.0,16.0,63.41912177,16.08854319
20,32.0,17.0,48.76641041,41.39650454
20,32.0,18.0,18.3743164,51.24389736
20,32.0,19.0,12.44958904,90.12173066
20,32.0,20.0,65.84466145,66.48439045
20,33.0,1.0,90.70344359,34.48154719
20,33.0,2.0,43.70614828,47.47253479
20,33.0,3.0,47.65692241,37.1749622
20,33.0,4.0,44.18229715,12.91609019
20,33.0,5.0,56.18273313,62.72873429
20,33.0,6.0,78.95379539,90.1075706
20,33.0,7.0,34.51081729,100.0
20,33.0,8.0,55.58733286,56.67354454
20,33.0,9.0,62.97354735,3.537893438
20,33.0,10.0,59.77959306,76.55771588
20,33.0,11.0,71.55662536,56.83980629
20,33.0,12.0,76.89997185,76.4263329
20,33.0,13.0,4.508548157,43.54330984
20,33.0,14.0,34.75032445,0.0
20,33.0,15.0,62.03870845,83.45936413
20,33.0,16.0,61.77378735,14.03139992
20,33.0,17.0,49.0921542,43.61058304
20,33.0,18.0,20.37903696,50.35139011
20,33.0,19.0,16.52588199,85.37337581
20,33.0,20.0,67.61837375,65.1428301
20,34.0,1.0,90.44266035,35.96197825
20,34.0,2.0,41.00282496,49.06681725
20,34.0,3.0,47.96152799,40.87205881
20,34.0,4.0,47.44656734,13.78606709
20,34.0,5.0,54.55976237,60.40698955
20,34.0,6.0,74.92972958,91.29855603
20,34.0,7.0,31.44151964,97.87113654
20,34.0,8.0,57.77725482,58.3083477
20,34.0,9.0,67.49568663,4.031192934
20,34.0,10.0,63.86119961,74.02667095
20,34.0,11.0,74.14677083,54.05695494
20,34.0,12.0,77.57593835,81.27861705
20,34.0,13.0,3.308805864,47.22299846
20,34.0,14.0,32.39560375,0.0
20,34.0,15.0,65.7535371,85.52962198
20,34.0,16.0,63.17951658,12.24115586
20,34.0,17.0,50.72604019,48.58139113
20,34.0,18.0,20.857813,49.35945947
20,34.0,19.0,17.66416512,84.3160324
20,34.0,20.0,71.81482106,67.24560764
20,35.0,1.0,94.87020928,35.78764411
20,35.0,2.0,40.45063924,50.54528646
20,35.0,3.0,49.50863989,39.15925077
20,35.0,4.0,48.33586766,8.977992338
20,35.0,5.0,53.5000851,64.87265719
20,35.0,6.0,72.80823327,95.82570268
20,35.0,7.0,36.02571962,99.58606879
20,35.0,8.0,59.45444993,58.89055663
20,35.0,9.0,66.42208454,1.698992339
20,35.0,10.0,64.40006811,75.66691856
20,35.0,11.0,70.77966843,49.8665268
20,35.0,12.0,81.76634342,78.95318693
20,35.0,13.0,1.6171089,48.90324069
20,35.0,14.0,30.4022407,0.0
20,35.0,15.0,62.10365989,83.73457525
20,35.0,16.0,61.01102418,15.38012874
20,35.0,17.0,46.53540068,44.4061937
20,35.0,18.0,25.19313837,47.65898228
20,35.0,19.0,17.0062306,80.93086834
20,35.0,20.0,67.00538876,65.95483757
20,36.0,1.0,96.1463543,35.51366187
20,36.0,2.0,41.15369091,54.47930705
20,36.0,3.0,50.72100021,39.40026926
20,36.0,4.0,48.25143093,10.99308123
20,36.0,5.0,51.89775501,62.56072593
20,36.0,6.0,75.92757495,96.33523001
20,36.0,7.0,35.57723444,99.4551558
20,36.0,8.0,59.74460837,59.52637113
20,36.0,9.0,64.21529636,0.0
20,36.0,10.0,62.56029731,80.17879918
20,36.0,11.0,74.11249336,51.71922311
20,36.0,12.0,82.31362528,81.52370498
20,36.0,13.0,2.744970856,53.88573992
20,36.0,14.0,33.65612721,4.824702316
20,36.0,15.0,61.7344997,81.86584856
20,36.0,16.0,56.24151418,19.78427797
20,36.0,17.0,44.55994766,39.69003265
20,36.0,18.0,20.30887452,43.65479379
20,36.0,19.0,12.18943079,80.33825767
20,36.0,20.0,63.25880169,70.43258924
20,37.0,1.0,93.83006104,37.524344
20,37.0,2.0,38.43583422,52.40561868
20,37.0,3.0,46.91008904,36.04613374
20,37.0,4.0,49.02193522,12.01330055
20,37.0,5.0,53.86491162,60.49083981
20,37.0,6.0,74.93695493,99.40391843
20,37.0,7.0,39.32311907,97.92588994
20,37.0,8.0,59.15755445,64.28838957
20,37.0,9.0,61.05946101,4.593664646
20,37.0,10.0,66.37204239,84.94133443
20,37.0,11.0,69.94046948,47.53326784
20,37.0,12.0,80.63761504,79.13640091
20,37.0,13.0,2.786636029,50.83936999
20,37.0,14.0,31.10917285,3.052191165
20,37.0,15.0,64.34175676,83.25055148
20,37.0,16.0,54.18984679,24.12399879
20,37.0,17.0,41.95410445,35.77673412
20,37.0,18.0,20.01127304,39.32791062
20,37.0,19.0,9.548027337,80.33780216
20,37.0,20.0,66.14950796,67.14952679
20,38.0,1.0,92.41517615,38.37957612
20,38.0,2.0,38.56408831,48.45411605
20,38.0,3.0,49.65121754,36.48485555
20,38.0,4.0,49.3157482,10.2872719
20,38.0,5.0,58.74012793,62.75551548
20,38.0,6.0,76.71198678,100.0
20,38.0,7.0,42.67814914,100.0
20,38.0,8.0,60.84049076,61.11880542
20,38.0,9.0,57.85124934,6.026039376
20,38.0,10.0,69.45220625,82.32602276
20,38.0,11.0,69.52273489,43.70132299
20,38.0,12.0,81.85111202,83.59495543
20,38.0,13.0,3.200143532,47.14661958
20,38.0,14.0,32.54578989,0.758623666
20,38.0,15.0,61.56554007,87.52672554
20,38.0,16.0,56.51191512,23.46361315
20,38.0,17.0,42.07967026,32.35362492
20,38.0,18.0,16.88850664,39.88418146
20,38.0,19.0,12.29355703,78.46398179
20,38.0,20.0,61.90170067,62.64607979
20,39.0,1.0,93.36096435,35.63689378
20,39.0,2.0,42.92826857,49.78237292
20,39.0,3.0,44.90501723,35.81643194
20,39.0,4.0,47.82540475,13.03754785
20,39.0,5.0,56.1824065,64.83403956
20,39.0,6.0,77.35399373,100.0
20,39.0,7.0,43.33424763,98.79775912
20,39.0,8.0,61.13583178,63.94625607
20,39.0,9.0,57.94305606,9.146351556
20,39.0,10.0,72.66094278,81.8342847
20,39.0,11.0,65.97615799,41.3880072
20,39.0,12.0,86.11445873,80.25865533
20,39.0,13.0,3.025636492,45.71453302
20,39.0,14.0,29.47021143,0.125359524
20,39.0,15.0,58.33142263,88.5826126
20,39.0,16.0,51.99020385,25.69440714
20,39.0,17.0,45.63913804,31.33100568
20,39.0,18.0,19.59700367,42.03829806
20,39.0,19.0,9.158831801,82.28901303
20,39.0,20.0,61.02005714,59.12706982
20,40.0,1.0,90.01084067,33.23709109
20,40.0,2.0,44.74202108,46.46290358
20,40.0,3.0,44.14005332,34.63531432
20,40.0,4.0,43.39443343,15.38357248
20,40.0,5.0,56.57288828,61.53851486
20,40.0,6.0,73.76478151,99.84805616
20,40.0,7.0,47.67478656,100.0
20,40.0,8.0,61.32873154,60.85748048
20,40.0,9.0,59.35655793,5.038915127
20,40.0,10.0,72.1027555,81.22773926
20,40.0,11.0,70.26252532,37.75242436
20,40.0,12.0,87.10735021,77.09719926
20,40.0,13.0,0.109545272,47.24214669
20,40.0,14.0,28.77508212,3.894655612
20,40.0,15.0,55.92900804,93.29188732
20,40.0,16.0,52.31180807,27.4814888
20,40.0,17.0,41.47383039,33.95483477
20,40.0,18.0,18.34772455,40.33559981
20,40.0,19.0,12.84047324,80.55546686
20,40.0,20.0,57.95811276,62.4020341
12,41.0,1.0,87.58074146,38.20940418
12,41.0,2.0,45.1399813,50.70816931
12,41.0,3.0,45.60967835,36.15813019
12,41.0,4.0,48.09020669,10.54831239
12,41.0,5.0,53.5698456,63.85626317
12,41.0,6.0,73.66364142,100.0
12,41.0,7.0,49.58066961,96.71419143
12,41.0,8.0,58.73496611,56.52070379
12,41.0,9.0,63.06910751,4.442063328
12,41.0,10.0,69.36584264,76.53561509
12,41.0,11.0,67.63445428,33.0677007
12,41.0,12.0,85.5325692,80.8893752
12,42.0,1.0,85.7349259,35.03489647
12,42.0,2.0,42.91161471,47.62026905
12,42.0,3.0,50.11165276,31.90574255
12,42.0,4.0,46.21695043,14.1847029
12,42.0,5.0,50.98959192,63.27840884
12,42.0,6.0,78.37392059,95.96750617
12,42.0,7.0,47.47779516,98.80126276
12,42.0,8.0,60.67141684,52.3442662
12,42.0,9.0,61.18931159,5.500991082
12,42.0,10.0,73.02677363,79.98177368
12,42.0,11.0,66.82134658,36.7267504
12,42.0,12.0,87.56320925,83.38611379
20,43.0,1.0,82.20077251,33.73123808
20,43.0,2.0,46.40909458,44.77431094
20,43.0,3.0,54.20256498,34.27871343
20,43.0,4.0,50.169488,13.72589331
20,43.0,5.0,54.41062057,68.03928422
20,43.0,6.0,79.06157994,98.43115025
20,43.0,7.0,44.1835528,98.95665391
20,43.0,8.0,60.14211649,52.86795045
20,43.0,9.0,57.76991524,7.639886758
20,43.0,10.0,75.38150916,79.6217723
20,43.0,11.0,71.73856533,33.56991473
20,43.0,12.0,82.89449117,79.0201678
20,43.0,13.0,4.478733647,44.48936421
20,43.0,14.0,27.90545983,10.54088554
20,43.0,15.0,50.08009268,88.51278653
20,43.0,16.0,53.5174606,27.01981435
20,43.0,17.0,47.92463343,38.90948174
20,43.0,18.0,17.54552297,48.69848138
20,43.0,19.0,14.7021313,88.98194333
20,43.0,20.0,48.19438832,54.8920672
20,44.0,1.0,84.39730325,36.32043353
20,44.0,2.0,46.95210284,46.54664708
20,44.0,3.0,50.96181778,37.7689533
20,44.0,4.0,47.08025759,9.38535697
20,44.0,5.0,52.50241111,67.87634188
20,44.0,6.0,83.43937356,93.64518968
20,44.0,7.0,47.58184362,95.24958863
20,44.0,8.0,59.71731895,49.95983176
20,44.0,9.0,57.27118775,8.75621905
20,44.0,10.0,74.20039156,77.07142657
20,44.0,11.0,68.93545858,31.87611785
20,44.0,12.0,80.86990053,76.77812101
20,44.0,13.0,9.199220701,47.79315313
20,44.0,14.0,28.32919001,8.452160053
20,44.0,15.0,54.52852256,85.61827025
20,44.0,16.0,51.84859139,25.78603877
20,44.0,17.0,52.57709905,41.43031791
20,44.0,18.0,22.36618769,47.26493776
20,44.0,19.0,12.44910024,92.92429879
20,44.0,20.0,50.02933085,52.5173654
20,45.0,1.0,81.61464604,35.65166118
20,45.0,2.0,44.24734442,48.99078123
20,45.0,3.0,54.9797086,34.38211485
20,45.0,4.0,43.549655,9.040455427
20,45.0,5.0,56.39642063,72.06348086
20,45.0,6.0,88.10060444,91.87421136
20,45.0,7.0,44.69255867,99.13288971
20,45.0,8.0,56.49418182,52.5645938
20,45.0,9.0,61.6788366,6.427387149
20,45.0,10.0,72.04469357,74.10490753
20,45.0,11.0,72.13397565,31.45789381
20,45.0,12.0,82.85096846,77.27369534
20,45.0,13.0,14.16493104,45.38748141
20,45.0,14.0,30.15877658,9.323296989
20,45.0,15.0,51.30005881,88.4210232
20,45.0,16.0,49.86851722,24.24707909
20,45.0,17.0,49.17202391,37.64302122
20,45.0,18.0,25.78630274,44.8166596
20,45.0,19.0,7.530614658,89.88269097
20,45.0,20.0,48.48684672,48.81207398
20,46.0,1.0,77.21311905,32.55015974
20,46.0,2.0,42.84432721,44.55728451
20,46.0,3.0,59.8658393,32.50324058
20,46.0,4.0,46.66773079,4.464233021
20,46.0,5.0,52.74661414,70.08855177
20,46.0,6.0,91.52985174,94.14418883
20,46.0,7.0,46.19486106,96.70042498
20,46.0,8.0,61.11612129,50.8058603
20,46.0,9.0,60.19611609,4.184813374
20,46.0,10.0,73.24807489,78.61513772
20,46.0,11.0,70.12648209,35.99778906
20,46.0,12.0,81.45336283,75.79647095
20,46.0,13.0,11.72830434,47.792742
20,46.0,14.0,29.90313446,10.4140441
20,46.0,15.0,51.80351565,87.71492562
20,46.0,16.0,46.20753261,21.66718331
20,46.0,17.0,50.34204518,37.87949481
20,46.0,18.0,26.346984,40.79058903
20,46.0,19.0,7.925224188,87.47018957
20,46.0,20.0,51.59630466,46.80332047
20,47.0,1.0,76.42499183,34.73443279
20,47.0,2.0,43.23528992,45.28819152
20,47.0,3.0,57.9204608,29.51420868
20,47.0,4.0,45.97104446,7.119618248
20,47.0,5.0,48.46644123,71.20257279
20,47.0,6.0,95.87787638,89.52592212
20,47.0,7.0,45.04103886,100.0
20,47.0,8.0,58.45053273,51.36606966
20,47.0,9.0,60.45180748,0.0
20,47.0,10.0,74.8545028,83.60496071
20,47.0,11.0,68.31528166,31.53322306
20,47.0,12.0,78.43618021,74.48048366
20,47.0,13.0,8.00388985,49.20157839
20,47.0,14.0,32.56150572,9.62409347
20,47.0,15.0,46.93520953,86.13874059
20,47.0,16.0,45.16539134,20.67032158
20,47.0,17.0,45.90696839,39.5230434
20,47.0,18.0,26.85668427,39.38711542
20,47.0,19.0,7.919220783,90.88350085
20,47.0,20.0,52.06047148,46.55696658
20,48.0,1.0,78.8029481,34.4511692
20,48.0,2.0,45.70713036,40.79069973
20,48.0,3.0,61.69437333,31.13628065
20,48.0,4.0,49.88009411,11.38942948
20,48.0,5.0,45.18434252,71.2248276
20,48.0,15.0,94.93939659,85.27786241
20,48.0,7.0,49.33962498,100.0
20,48.0,8.0,56.816781,50.65768408
20,48.0,9.0,58.43465965,0.722741042
20,48.0,10.0,73.61397963,85.82299473
20,48.0,11.0,65.22276213,34.81953464
20,48.0,12.0,83.13850518,70.23818282
20,48.0,13.0,7.013663527,48.22586021
20,48.0,14.0,34.26214176,4.999692677
20,48.0,15.0,49.97101893,81.34035331
20,48.0,16.0,45.76867921,24.00841728
20,48.0,17.0,48.86959461,42.7287587
20,48.0,18.0,28.64511353,36.0245075
20,48.0,19.0,10.65986421,93.74597584
20,48.0,20.0,55.62861774,42.01203375
20,49.0,1.0,79.6802354,31.05066044
20,49.0,2.0,45.74780679,37.22282322
20,49.0,3.0,57.62984203,30.04544347
20,49.0,4.0,44.90419397,14.25032478
20,49.0,5.0,44.03379082,67.16691665
20,49.0,15.0,98.28846261,88.28277102
20,49.0,7.0,48.59525557,100.0
20,49.0,8.0,55.01963687,45.867631
20,49.0,9.0,54.44036748,0.0
20,49.0,10.0,70.63024849,85.23228268
20,49.0,11.0,61.13008746,31.84984063
20,49.0,12.0,78.7989219,72.00179863
20,49.0,13.0,9.98824512,44.73759904
20,49.0,14.0,33.16465985,8.423174714
20,49.0,15.0,49.40003487,82.65780436
20,49.0,16.0,42.79040261,20.64466919
20,49.0,17.0,51.27998541,39.05204682
20,49.0,18.0,26.43882282,39.7575174
20,49.0,19.0,7.964007268,93.81593357
20,49.0,20.0,51.00426874,45.24561211
20,50.0,1.0,77.29022307,35.24720616
20,50.0,2.0,41.81357992,39.49386926
20,50.0,3.0,59.69312201,33.14959286
20,50.0,4.0,47.45551349,9.758643701
20,50.0,5.0,47.44895906,69.38956343
20,50.0,15.0,96.35405436,87.20408801
20,50.0,7.0,45.12459259,100.0
20,50.0,8.0,53.81232887,46.41035032
20,50.0,9.0,57.57897723,4.498358755
20,50.0,10.0,73.2903883,88.38086795
20,50.0,11.0,58.59194503,28.89656356
20,50.0,12.0,82.6673271,67.65610161
20,50.0,13.0,14.95082489,48.80504001
20,50.0,14.0,32.90006487,9.027787819
20,50.0,15.0,47.41784593,85.39002754
20,50.0,16.0,46.8764491,17.00393036
20,50.0,17.0,51.19011193,38.53694058
20,50.0,18.0,23.63721989,36.86458821
20,50.0,19.0,4.528387485,91.5657708
20,50.0,20.0,52.59602734,49.10164348
20,51.0,1.0,75.7050813,34.15027126
20,51.0,2.0,38.7651886,40.95966256
20,51.0,3.0,58.93533205,34.24937628
20,51.0,4.0,43.40549001,5.085391875
20,51.0,5.0,46.59990244,71.53173852
20,51.0,15.0,93.58589517,88.83731459
20,51.0,16.0,43.92415336,100.0
20,51.0,8.0,58.13120414,46.06430663
20,51.0,9.0,55.11539139,6.318617772
20,51.0,10.0,71.45067365,91.09361696
20,51.0,11.0,59.85202492,30.67649674
20,51.0,12.0,82.08434004,71.6161179
20,51.0,13.0,15.72153342,50.26892345
20,51.0,14.0,35.56066707,11.32516713
20,51.0,15.0,52.35605729,88.32538504
20,51.0,16.0,43.20956363,15.6855259
20,51.0,17.0,51.94955707,38.42449504
20,51.0,18.0,24.56715351,33.35393182
20,51.0,19.0,6.090951183,86.82180132
20,51.0,20.0,53.90541297,51.97301071
20,52.0,1.0,76.53848451,33.02075135
20,52.0,2.0,36.82936617,43.89914633
20,52.0,3.0,59.16517135,37.9088591
20,52.0,4.0,47.29497866,7.127665161
20,52.0,5.0,43.65126691,71.70380985
20,52.0,15.0,94.30080681,90.20039345
20,52.0,16.0,41.46056634,100.0
20,52.0,8.0,55.05597553,41.62592547
20,52.0,9.0,53.30352587,2.377287666
20,52.0,10.0,76.01791378,88.72660369
20,52.0,11.0,57.28545205,33.32766587
20,52.0,12.0,86.38603615,74.04236442
20,52.0,13.0,16.98820846,50.855306
20,52.0,14.0,35.36922507,10.68042322
20,52.0,15.0,48.04917208,87.20099723
20,52.0,16.0,42.11459031,17.16010354
20,52.0,17.0,51.21243219,34.61370593
20,52.0,18.0,23.26532549,32.36286527
20,52.0,19.0,2.195739457,88.85394269
20,52.0,20.0,55.11411694,52.76984203
19,53.0,1.0,74.01312114,36.17570826
19,53.0,2.0,35.43424098,45.08554378
19,53.0,3.0,56.49312976,41.46227215
19,53.0,4.0,45.21959479,3.176405657
19,53.0,5.0,40.839837,70.6324967
19,53.0,15.0,96.49815176,93.29451486
19,53.0,16.0,40.14978733,96.24379599
19,53.0,8.0,59.44633783,37.78259481
19,53.0,9.0,56.87545668,3.823736267
19,53.0,10.0,72.75767364,89.71509379
19,53.0,11.0,54.22866153,28.43467394
19,53.0,12.0,88.46589734,73.17587827
19,53.0,13.0,16.76660215,54.95794265
19,53.0,14.0,37.68842386,10.95865471
19,53.0,15.0,51.83441531,89.5990743
19,53.0,16.0,38.81769638,20.34032943
19,53.0,17.0,52.72290387,36.52913277
19,53.0,18.0,24.66274035,37.0691935
19,53.0,19.0,,
19,54.0,1.0,78.80925887,37.76214795
19,54.0,2.0,39.29088872,46.94826875
19,54.0,3.0,54.27790377,39.32530284
19,54.0,4.0,48.05512421,0.0
19,54.0,5.0,38.31592176,67.76325285
19,54.0,15.0,95.83165952,92.71713969
19,54.0,16.0,39.10465328,98.03955324
19,54.0,8.0,64.41909377,38.10876561
19,54.0,9.0,60.33266854,1.031780962
19,54.0,10.0,72.7254033,91.65953864
19,54.0,11.0,51.81425376,27.26179331
19,54.0,12.0,86.60930039,74.7857742
19,54.0,13.0,13.31965989,52.22574586
19,54.0,14.0,41.89726137,10.38557751
19,54.0,15.0,55.67537299,90.40034264
19,54.0,16.0,36.9173327,22.75574713
19,54.0,17.0,53.73743836,35.2710055
19,54.0,18.0,22.71240602,33.22612297
19,54.0,19.0,,
19,55.0,1.0,75.03393216,35.66464238
19,55.0,2.0,36.54487321,42.67516449
19,55.0,3.0,53.06954489,42.46143105
19,55.0,4.0,45.00259045,0.0
19,55.0,5.0,34.27297412,65.52203755
19,55.0,15.0,92.58425941,92.07709638
19,55.0,16.0,38.40323305,97.6939684
19,55.0,8.0,64.38151331,34.80735801
19,55.0,9.0,60.95909491,0.976584522
19,55.0,10.0,71.51526787,87.24102887
19,55.0,11.0,47.18724025,30.26226611
19,55.0,12.0,86.74461077,72.31870439
19,55.0,13.0,12.85155805,52.44444583
19,55.0,14.0,42.82288897,13.59538904
19,55.0,15.0,55.4535867,88.72323569
19,55.0,16.0,32.48790487,22.18874026
19,55.0,17.0,49.60656295,38.79054167
19,55.0,18.0,20.75250195,28.87452547
19,55.0,19.0,,
19,56.0,1.0,74.77755727,38.83005469
19,56.0,2.0,33.56197958,40.47866655
19,56.0,3.0,54.33785906,38.7823232
19,56.0,4.0,43.27929752,0.0
19,56.0,5.0,34.52086082,63.6805335
19,56.0,15.0,95.62758226,93.00893838
19,56.0,16.0,41.54350658,94.48101853
19,56.0,8.0,63.57689938,34.89036285
19,56.0,9.0,58.42632398,2.677314498
19,56.0,10.0,76.09563486,89.34680475
19,56.0,11.0,49.96931262,35.24751106
19,56.0,12.0,82.86481359,69.59468266
19,56.0,13.0,11.96424691,53.51194157
19,56.0,14.0,39.61857571,11.14383913
19,56.0,15.0,57.22261077,89.07733941
19,56.0,16.0,34.75781106,20.49420303
19,56.0,17.0,48.34107612,40.43360705
19,56.0,18.0,18.34965214,29.46385224
19,56.0,19.0,,
20,57.0,1.0,71.61009289,41.46505656
20,57.0,2.0,38.48751528,40.73091994
20,57.0,3.0,51.33161931,42.60613177
20,57.0,4.0,42.66992867,3.267018795
20,57.0,5.0,35.77547993,59.36603908
20,57.0,15.0,94.07056158,90.03486473
20,57.0,16.0,40.45313971,96.06290382
20,57.0,8.0,61.61394853,36.31711801
20,57.0,9.0,58.84797737,4.339908709
20,57.0,10.0,78.25752642,87.83300744
20,57.0,11.0,46.38124431,31.95963937
20,57.0,12.0,87.39915446,67.03826476
20,57.0,13.0,7.569835261,54.91406934
20,57.0,14.0,43.80795768,10.67752086
20,57.0,15.0,55.35736933,91.48903942
20,57.0,16.0,38.65809769,22.06331013
20,57.0,17.0,43.59513789,40.38867372
20,57.0,18.0,14.49985205,32.17392981
20,57.0,19.0,2.136236693,80.80407309
20,57.0,20.0,62.82954201,44.04817493
20,58.0,1.0,69.26730671,39.6411266
20,58.0,2.0,41.0943936,38.02993346
20,58.0,3.0,55.65702832,40.26213468
20,58.0,4.0,45.46625902,6.352725266
20,58.0,5.0,39.95451513,60.43095427
20,58.0,15.0,96.08245522,89.10220337
20,58.0,16.0,40.99442285,93.44328182
20,58.0,8.0,58.25620513,33.35790818
20,58.0,9.0,57.59937929,7.756649303
20,58.0,10.0,82.56635618,88.30813431
20,58.0,11.0,41.93134084,34.63026509
20,58.0,12.0,90.86280901,64.15266847
20,58.0,13.0,3.192424655,54.85518986
20,58.0,14.0,42.26609632,13.63859917
20,58.0,15.0,56.83510445,91.10844067
20,58.0,16.0,35.33821806,25.54417329
20,58.0,17.0,45.85299923,41.65832
20,58.0,18.0,16.22432439,29.51729218
20,58.0,19.0,4.535021437,81.14927524
20,58.0,20.0,63.68504978,48.80990454
20,59.0,1.0,73.28547913,40.71252427
20,59.0,2.0,43.12046944,42.6862418
20,59.0,3.0,53.31587873,42.38040178
20,59.0,4.0,45.6369998,9.015842825
20,59.0,5.0,44.66168216,61.84093044
20,59.0,15.0,97.21489504,90.03534145
20,59.0,16.0,41.78438711,95.23155553
20,59.0,8.0,62.78852874,38.27687198
20,59.0,9.0,60.54234544,4.588512666
20,59.0,10.0,83.83635271,93.00260988
20,59.0,11.0,38.09948973,38.41689416
20,59.0,12.0,93.09649228,67.76964023
20,59.0,13.0,3.009393408,51.37948938
20,59.0,14.0,39.54357778,13.5692138
20,59.0,15.0,58.97408814,94.93682092
20,59.0,16.0,36.32136276,25.98174064
20,59.0,17.0,46.90083793,45.43707803
20,59.0,18.0,19.95151077,24.92943869
20,59.0,19.0,4.122475223,82.20131692
20,59.0,20.0,62.16948557,46.19063827
20,60.0,1.0,71.4762815,36.38713407
20,60.0,2.0,47.33530698,38.25100202
20,60.0,3.0,49.47033231,42.54532084
20,60.0,4.0,47.00029499,9.37565405
20,60.0,5.0,43.32498441,58.02462253
20,60.0,15.0,99.95611054,94.33732308
20,60.0,16.0,38.31023046,92.20554879
20,60.0,8.0,65.485056,34.58751043
20,60.0,9.0,63.83051352,7.735614158
20,60.0,10.0,86.5811269,95.70938845
20,60.0,11.0,37.56312376,35.26497972
20,60.0,12.0,91.49192112,65.23840883
20,60.0,13.0,0.017782632,47.26853092
20,60.0,14.0,40.48333895,10.2504466
20,60.0,15.0,59.41685296,92.44575385
20,60.0,16.0,39.32692867,27.61518574
20,60.0,17.0,46.37206854,43.65687818
20,60.0,18.0,18.92754825,22.33441678
20,60.0,19.0,0.0,87.1186236
20,60.0,20.0,61.338088,48.86275049
20,61.0,1.0,74.38517351,32.70823249
20,61.0,13.0,44.40368027,33.34573497
20,61.0,3.0,44.64996888,46.78386414
20,61.0,4.0,49.31555006,8.390841124
20,61.0,5.0,40.17573802,55.77055511
20,61.0,15.0,99.98379605,97.95196364
20,61.0,16.0,38.49422253,89.00247144
20,61.0,8.0,69.58581983,32.40609259
20,61.0,9.0,64.55564804,8.926178728
20,61.0,10.0,84.44404438,97.51840015
20,61.0,11.0,36.55023461,35.4673083
20,61.0,12.0,87.27508148,68.7781174
20,61.0,13.0,3.821046351,43.88483724
20,61.0,14.0,37.17426406,14.84666785
20,61.0,15.0,56.04687965,88.78009226
20,61.0,16.0,35.54118523,32.18644126
20,61.0,17.0,50.33994974,40.38951741
20,61.0,18.0,19.32943636,19.4990482
20,61.0,19.0,0.779770336,86.94529669
20,61.0,20.0,65.59621367,46.27457143
20,62.0,1.0,73.98991234,36.52080302
20,62.0,13.0,41.3046672,30.47338729
20,62.0,3.0,47.58759885,44.80628515
20,62.0,4.0,48.54664233,3.757351219
20,62.0,5.0,42.03785292,59.52663712
20,62.0,15.0,100.0,95.73462712
20,62.0,16.0,42.81282184,84.79733407
20,62.0,8.0,73.74004528,33.16081117
20,62.0,9.0,64.24065843,11.23941129
20,62.0,10.0,85.92272804,97.51111876
20,62.0,11.0,32.39276163,39.56964178
20,62.0,12.0,87.77624047,65.42934697
20,62.0,13.0,0.501266952,40.1127682
20,62.0,14.0,33.79526285,17.67400189
20,62.0,15.0,53.3216655,91.04272643
20,62.0,16.0,38.68490056,36.17236396
20,62.0,17.0,46.67393129,41.16417922
20,62.0,18.0,20.30029405,15.48425661
20,62.0,19.0,5.235832419,87.41785673
20,62.0,20.0,70.28176719,42.11251879
13,63.0,1.0,77.97615592,31.81738502
13,63.0,13.0,39.13290136,25.80075945
13,63.0,3.0,46.38121753,47.57103737
13,63.0,4.0,50.33636589,7.410482007
13,63.0,5.0,41.23950014,60.06415369
13,63.0,15.0,100.0,92.54848416
13,63.0,16.0,40.51909891,88.81895402
13,63.0,8.0,76.95166215,30.92798256
13,63.0,9.0,63.38371649,14.80629471
13,63.0,10.0,83.02975892,96.79021529
13,63.0,11.0,27.46841111,44.21525579
13,63.0,12.0,86.34689749,61.41558001
13,63.0,13.0,,
13,64.0,1.0,77.42625345,30.641295
13,64.0,13.0,39.09282523,24.91915053
13,64.0,3.0,45.72207665,42.83500237
13,64.0,4.0,53.96955435,10.15312977
13,64.0,5.0,44.83726936,60.92530455
13,64.0,15.0,96.02529452,94.37374637
13,64.0,16.0,36.07935729,89.58834258
13,64.0,8.0,73.03808129,32.61450378
13,64.0,9.0,58.61543598,9.901425357
13,64.0,10.0,86.9977083,92.72981311
13,64.0,11.0,31.87289204,42.87944857
13,64.0,12.0,87.37179688,59.39990207
13,64.0,13.0,,
20,65.0,1.0,80.52319161,28.9259179
20,65.0,13.0,39.56020691,19.95073242
20,65.0,3.0,49.41768575,42.32896906
20,65.0,4.0,57.7998891,10.44085922
20,65.0,5.0,44.19563309,60.54996371
20,65.0,15.0,98.65463233,95.32138094
20,65.0,16.0,38.44844329,90.96642587
20,65.0,8.0,71.53625113,29.17545078
20,65.0,9.0,55.15624456,9.253648756
20,65.0,10.0,85.38198285,97.13182737
20,65.0,11.0,32.04657139,41.38767192
20,65.0,12.0,82.41436384,55.01038779
20,65.0,13.0,3.198920156,35.87645864
20,65.0,14.0,32.44329215,11.38812025
20,65.0,15.0,51.16918715,94.2858273
20,65.0,16.0,42.38866389,34.06302948
20,65.0,17.0,49.05776014,31.57740213
20,65.0,18.0,17.64820132,19.94816757
20,65.0,19.0,1.56595733,85.47034013
20,65.0,20.0,65.44371555,43.2319014
19,66.0,1.0,78.22733272,27.39635289
19,66.0,13.0,40.3924542,19.91176923
19,66.0,3.0,47.58875049,37.726673
19,66.0,4.0,61.39622998,6.027165131
19,66.0,5.0,46.36027931,60.12987768
19,66.0,15.0,100.0,96.56545696
19,66.0,16.0,38.47789188,95.30034386
19,66.0,8.0,70.87557534,30.53550052
19,66.0,9.0,55.31862041,6.309077818
19,66.0,10.0,84.20364949,97.40150169
19,66.0,11.0,34.44703532,39.57598303
19,66.0,12.0,83.6321703,53.3511677
19,66.0,13.0,4.300163607,36.84373339
19,66.0,14.0,29.69607585,6.878328378
19,66.0,15.0,48.96041745,95.8826625
19,66.0,16.0,45.67536369,35.15538256
19,66.0,17.0,45.44069419,34.38519898
19,66.0,18.0,13.64095284,17.24734899
19,66.0,19.0,,
19,67.0,1.0,82.84738881,29.00544815
19,67.0,13.0,45.22223108,17.55459293
19,67.0,3.0,45.16937647,37.19474446
19,67.0,4.0,63.81091134,4.020341692
19,67.0,5.0,49.55623742,58.84352054
19,67.0,15.0,100.0,100.0
19,67.0,16.0,37.15033457,94.87272608
19,67.0,8.0,68.85203883,31.43599072
19,67.0,9.0,56.90210994,6.564689227
19,67.0,10.0,84.575708,98.40022001
19,67.0,11.0,31.45489626,44.37461189
19,67.0,12.0,82.89780792,54.21004074
19,67.0,13.0,8.146679434,40.80214077
19,67.0,14.0,28.66139598,5.509204021
19,67.0,15.0,44.83917865,93.08566886
19,67.0,16.0,44.34056505,33.43553005
19,67.0,17.0,46.84239664,35.57493491
19,67.0,18.0,14.8075681,14.95045594
19,67.0,19.0,,
20,68.0,1.0,79.8278152,32.92014168
20,68.0,13.0,45.39300698,18.27609851
20,68.0,3.0,40.61689382,34.05978293
20,68.0,4.0,66.14117141,4.413925773
20,68.0,5.0,51.26105287,54.01911964
20,68.0,15.0,100.0,100.0
20,68.0,16.0,40.42874934,96.80440459
20,68.0,8.0,67.58638623,33.59830648
20,68.0,9.0,57.57556187,11.29231124
20,68.0,10.0,89.27035542,95.40251424
20,68.0,11.0,32.1156358,47.32762296
20,68.0,12.0,78.3124554,54.63454527
20,68.0,13.0,8.590971477,38.67455774
20,68.0,14.0,27.05755659,5.780966591
20,68.0,15.0,43.04074569,90.79039038
20,68.0,16.0,46.38953042,33.4818279
20,68.0,17.0,42.3016758,38.54068245
20,68.0,18.0,13.48931875,14.69827512
20,68.0,19.0,2.612110123,85.08427358
20,68.0,20.0,70.96846067,47.69341496
20,69.0,1.0,83.54719225,28.93857865
20,69.0,13.0,42.59075604,15.87874636
20,69.0,3.0,41.96911745,31.61960098
20,69.0,4.0,65.02418368,0.193098511
20,69.0,5.0,49.69795514,51.9774756
20,69.0,15.0,96.94453671,100.0
20,69.0,16.0,37.93988631,93.55338495
20,69.0,8.0,63.69715378,30.59227267
20,69.0,9.0,62.06158666,9.284939942
20,69.0,10.0,84.91239032,100.0
20,69.0,11.0,28.84662562,50.36071958
20,69.0,12.0,74.78581668,51.2483192
20,69.0,13.0,8.834962965,39.30666186
20,69.0,14.0,31.30760796,4.008946519
20,69.0,15.0,46.8598839,92.99200966
20,69.0,16.0,48.01516566,31.27652665
20,69.0,17.0,44.62139329,34.87106262
20,69.0,18.0,10.63010679,16.20503409
20,69.0,19.0,1.827296458,87.15388377
20,69.0,20.0,72.638138,44.22218345
20,70.0,1.0,79.6555201,24.03159532
20,70.0,13.0,40.68981394,20.13015625
20,70.0,3.0,46.03303709,32.85029797
20,70.0,4.0,69.41031397,2.139643416
20,70.0,5.0,53.3782692,54.6333863
20,70.0,15.0,96.92437036,95.49715837
20,70.0,16.0,34.68655605,95.60454519
20,70.0,8.0,66.23155948,26.21037617
20,70.0,9.0,57.8019344,12.43385877
20,70.0,10.0,86.13282783,97.36567387
20,70.0,11.0,26.21698568,46.06857335
20,70.0,12.0,72.8008785,52.97952542
20,70.0,13.0,5.945718718,39.89461473
20,70.0,14.0,34.03148602,5.459926767
20,70.0,15.0,51.74008257,95.85894158
20,70.0,16.0,43.60206188,29.91370791
20,70.0,17.0,41.66916228,38.79108493
20,70.0,18.0,9.847648944,19.04221771
20,70.0,19.0,1.851646729,87.59391859
20,70.0,20.0,74.49662668,43.29176067
20,71.0,1.0,75.5090378,28.89779851
20,71.0,13.0,43.06466929,20.09114445
20,71.0,3.0,49.59412183,28.44975371
20,71.0,4.0,71.04775635,0.0
20,71.0,5.0,54.48763737,57.29811837
20,71.0,15.0,94.16784671,91.63602062
20,71.0,16.0,34.70142945,99.13534941
20,71.0,8.0,69.78134715,22.87037142
20,71.0,9.0,61.27882739,10.00344586
20,71.0,10.0,87.94489355,99.79128173
20,71.0,11.0,22.68851939,43.98191795
20,71.0,12.0,68.96322045,57.84622705
20,71.0,13.0,10.26263856,35.49446765
20,71.0,14.0,37.57441618,0.607494227
20,71.0,15.0,47.30830453,94.19433035
20,71.0,16.0,39.2180137,34.88406405
20,71.0,17.0,42.67593629,43.4565807
20,71.0,18.0,5.1945339,16.42469106
20,71.0,19.0,4.353079681,83.76315602
20,71.0,20.0,71.41094693,40.71020816
20,72.0,1.0,71.84495319,32.28539336
20,72.0,13.0,43.2803795,16.83193435
20,72.0,3.0,50.24423857,28.36757262
20,72.0,4.0,74.73026971,0.936332774
20,72.0,5.0,52.73845272,62.0865617
20,72.0,15.0,98.33562511,95.70886087
20,72.0,16.0,30.6980543,99.96640815
20,72.0,8.0,66.47130022,22.94739072
20,72.0,9.0,62.47480976,14.96210528
20,72.0,10.0,84.4404757,100.0
20,72.0,11.0,20.54938626,41.25560644
20,72.0,12.0,73.9625002,54.90529395
20,72.0,13.0,9.407373678,37.98535222
20,72.0,14.0,34.42623457,1.653210258
20,72.0,15.0,48.29591756,90.72310947
20,72.0,16.0,43.27079597,31.69504273
20,72.0,17.0,46.9802427,42.9392772
20,72.0,18.0,8.599640096,17.82332474
20,72.0,19.0,8.680070404,83.48117658
20,72.0,20.0,71.12923126,41.86908717
20,73.0,1.0,73.59368928,30.10939183
20,73.0,13.0,47.0991906,21.37864235
20,73.0,3.0,48.04142402,33.29392115
20,73.0,4.0,77.17689324,3.471614929
20,73.0,5.0,48.4934384,65.61767886
20,73.0,15.0,95.18871528,91.9303792
20,73.0,16.0,26.82970844,95.42729109
20,73.0,8.0,70.25848724,22.45214147
20,73.0,9.0,60.55016812,17.45967373
20,73.0,10.0,80.15240043,100.0
20,73.0,11.0,16.55522607,40.65881891
20,73.0,12.0,72.11357556,57.89420316
20,73.0,13.0,14.37762131,39.80667288
20,73.0,14.0,30.93061991,3.898358475
20,73.0,15.0,46.72134845,93.14134487
20,73.0,16.0,45.46987514,33.4924251
20,73.0,17.0,42.97956611,45.20918874
20,73.0,18.0,12.41170692,22.52580428
20,73.0,19.0,12.52923443,87.4601505
20,73.0,20.0,69.52806518,40.18250873
20,74.0,1.0,68.97580456,31.5975436
20,74.0,13.0,42.35655906,26.1547729
20,74.0,3.0,46.43410327,35.58041773
20,74.0,4.0,74.62406046,2.596530242
20,74.0,5.0,48.91870381,69.99863301
20,74.0,15.0,96.12304593,87.44830103
20,74.0,17.0,31.80432413,91.68347005
20,74.0,8.0,71.59459593,26.84852394
20,74.0,9.0,55.60572638,18.69868292
20,74.0,10.0,77.49337947,100.0
20,74.0,11.0,16.46854558,38.22478129
20,74.0,12.0,76.38542065,57.23438367
20,74.0,13.0,14.76081532,37.74433758
20,74.0,14.0,28.19185138,8.329282098
20,74.0,15.0,49.60945793,95.93377524
20,74.0,16.0,44.06139658,33.56601699
20,74.0,17.0,41.28021351,47.168638
20,74.0,18.0,14.48988611,22.46454287
20,74.0,19.0,17.03395532,83.34164982
20,74.0,20.0,68.9927904,35.68534454
20,75.0,1.0,69.59508241,28.19313267
20,75.0,13.0,45.19510299,23.85982518
20,75.0,3.0,42.76102925,36.71543206
20,75.0,4.0,79.02438816,6.600294418
20,75.0,5.0,44.66756326,66.12143449
20,75.0,15.0,100.0,83.87529501
20,75.0,17.0,32.21512486,90.6609927
20,75.0,8.0,68.25862239,31.11012171
20,75.0,9.0,53.68857316,17.29208457
20,75.0,10.0,81.75537351,100.0
20,75.0,11.0,15.85020705,41.73961116
20,75.0,12.0,80.38146563,54.26829857
20,75.0,13.0,15.6342518,33.84835487
20,75.0,14.0,29.92961113,6.340792771
20,75.0,15.0,49.40810704,91.48723272
20,75.0,16.0,40.41885618,32.63065931
20,75.0,17.0,42.93586512,47.55339756
20,75.0,18.0,15.18388789,19.7660679
20,75.0,19.0,15.27706352,82.72838594
20,75.0,20.0,65.70249042,31.92393488
20,76.0,1.0,70.75166355,32.26878797
20,76.0,13.0,41.89330788,25.56807825
20,76.0,3.0,47.33801369,33.59023836
20,76.0,4.0,82.01158147,5.677171658
20,76.0,5.0,49.29915702,63.73635621
20,76.0,15.0,100.0,87.47169575
20,76.0,17.0,28.3886602,91.34228304
20,76.0,8.0,72.18711299,32.74436203
20,76.0,9.0,50.91063978,13.43840708
20,76.0,10.0,78.3435792,98.54874315
20,76.0,11.0,11.64765305,37.34189263
20,76.0,12.0,77.29431296,57.23903173
20,76.0,13.0,13.23241216,38.79698724
20,76.0,14.0,26.1977111,10.84529176
20,76.0,15.0,49.00233,89.29704692
20,76.0,16.0,44.69427062,34.56935106
20,76.0,17.0,45.42416109,47.88232893
20,76.0,18.0,18.18461951,23.73040342
20,76.0,19.0,18.20112432,80.96144354
20,76.0,20.0,69.51999497,35.92799338
20,77.0,1.0,75.26654742,33.29404615
20,77.0,13.0,40.69466538,26.44324951
20,77.0,3.0,45.52683066,32.3440255
20,77.0,4.0,79.45683553,5.055646796
20,77.0,5.0,49.53699018,61.06911794
20,77.0,15.0,100.0,84.14971231
20,77.0,17.0,28.17408428,86.85984333
20,77.0,8.0,71.79073723,36.43937906
20,77.0,9.0,48.61870367,9.819333294
20,77.0,10.0,76.41988395,97.67968686
20,77.0,11.0,9.743851567,37.8395787
20,77.0,12.0,76.44708359,58.372428
20,77.0,13.0,12.63776755,41.09810161
20,77.0,14.0,28.16649252,14.99575086
20,77.0,15.0,46.68710532,85.81422278
20,77.0,16.0,40.35387931,38.55745256
20,77.0,17.0,44.7098732,44.62624165
20,77.0,18.0,14.86613394,23.32749529
20,77.0,19.0,20.88869993,79.27558941
20,77.0,20.0,69.14332551,37.37437077
20,78.0,1.0,78.62526409,35.6276605
20,78.0,13.0,44.67080838,24.79803883
20,78.0,3.0,41.13301235,31.13063061
20,78.0,4.0,77.64805814,4.254893901
20,78.0,5.0,51.69631971,59.06764618
20,78.0,15.0,100.0,86.41728443
20,78.0,17.0,29.80468936,82.64521052
20,78.0,8.0,72.32162535,36.46577059
20,78.0,9.0,52.71966792,9.972746
20,78.0,10.0,72.24658456,94.09045332
20,78.0,11.0,11.69774944,38.77546428
20,78.0,12.0,74.28312669,62.02397347
20,78.0,13.0,10.01191203,39.90615455
20,78.0,14.0,25.54453139,11.3745806
20,78.0,15.0,44.98717508,88.39603546
20,78.0,16.0,39.22704982,36.88264972
20,78.0,17.0,48.0615243,46.70683719
20,78.0,18.0,11.76356607,24.55050011
20,78.0,19.0,24.15217561,78.67218149
20,78.0,20.0,71.16966204,36.05635596
20,79.0,1.0,73.78079472,37.15228893
20,79.0,13.0,47.13161848,25.22279722
20,79.0,3.0,36.72409463,34.31734241
20,79.0,4.0,77.63380767,6.777394372
20,79.0,5.0,52.04835584,63.11282232
20,79.0,15.0,100.0,86.86517509
20,79.0,17.0,34.76374601,82.14542633
20,79.0,8.0,69.25102949,33.48430945
20,79.0,9.0,54.93039629,9.601511388
20,79.0,10.0,75.71009678,89.30426832
20,79.0,11.0,10.3670386,43.60750451
20,79.0,12.0,77.64206797,60.13163333
20,79.0,13.0,11.24975187,43.62795038
20,79.0,14.0,21.62726872,7.561051752
20,79.0,15.0,45.39946039,88.92978914
20,79.0,16.0,40.6856078,34.26562732
20,79.0,17.0,44.01498396,44.20291637
20,79.0,18.0,12.60157767,24.20638577
20,79.0,19.0,19.48717225,74.64685975
20,79.0,20.0,66.81506144,33.1043508
19,80.0,,,
19,80.0,13.0,49.4109168,25.9306823
19,80.0,3.0,36.74576824,31.63224345
19,80.0,4.0,78.1453042,5.042517278
19,80.0,5.0,51.09177067,65.11517845
19,80.0,15.0,100.0,84.32401218
19,80.0,17.0,31.15998209,83.56084864
19,80.0,8.0,65.25213091,29.04051268
19,80.0,9.0,53.86784866,8.515753978
19,80.0,10.0,70.7988662,91.5105083
19,80.0,11.0,10.89837085,40.11352131
19,80.0,12.0,80.04099943,59.67086174
19,80.0,13.0,9.869583085,45.86305014
19,80.0,14.0,20.0882346,12.04443608
19,80.0,15.0,49.20200723,85.71550449
19,80.0,16.0,35.75876524,32.69902079
19,80.0,17.0,41.42088496,44.09463634
19,80.0,18.0,16.33403144,19.89298033
19,80.0,19.0,22.38902533,74.38840515
19,81.0,,,
19,81.0,13.0,47.19208879,25.01430314
19,81.0,31.0,32.19356417,33.86649017
19,81.0,21.0,77.2318851,1.827402838
19,81.0,5.0,51.25204744,68.07047919
19,81.0,15.0,99.35628838,80.88837251
19,81.0,17.0,34.46514018,84.06841344
19,81.0,8.0,62.94754052,28.94331367
19,81.0,9.0,55.78218337,7.888233638
19,81.0,10.0,70.51588102,95.04103048
19,81.0,11.0,13.51634905,41.3444483
19,81.0,12.0,79.20209905,64.41165977
19,81.0,13.0,10.43914286,44.71462025
19,81.0,14.0,19.00220017,10.63578574
19,81.0,15.0,44.31542536,81.48332472
19,81.0,16.0,37.63252605,32.00120718
19,81.0,17.0,44.00640132,41.49829797
19,81.0,18.0,18.92869289,24.37913329
19,81.0,19.0,21.51914021,72.93815065
19,82.0,,,
19,82.0,13.0,42.94118884,27.2538463
19,82.0,31.0,30.54862068,30.44511305
19,82.0,21.0,73.20112345,0.0
19,82.0,5.0,53.21762998,65.46285873
19,82.0,15.0,100.0,79.6501444
19,82.0,17.0,38.40779575,80.25562241
19,82.0,8.0,62.06897497,26.33996785
19,82.0,9.0,53.01636277,8.690509924
19,82.0,10.0,66.87217977,90.50627188
19,82.0,11.0,12.6494025,40.78534374
19,82.0,12.0,74.64600754,60.0895435
19,82.0,13.0,6.606198853,44.08230783
19,82.0,14.0,14.84716543,6.051594885
19,82.0,15.0,40.18879664,81.43814313
19,82.0,16.0,37.09716361,35.90322447
19,82.0,17.0,41.90685361,41.20520675
19,82.0,18.0,22.95414527,22.98298728
19,82.0,19.0,19.13081089,74.51655658
19,83.0,,,
19,83.0,13.0,45.66213385,28.33188312
19,83.0,31.0,28.01227779,30.56347851
19,83.0,21.0,72.49966767,0.0
19,83.0,5.0,53.36867022,68.21209773
19,83.0,15.0,100.0,77.78226481
19,83.0,17.0,40.78876805,82.5939253
19,83.0,8.0,61.93446525,24.84066982
19,83.0,9.0,53.68448573,11.87018823
19,83.0,10.0,63.47023524,91.470545
19,83.0,11.0,14.3564322,40.66404495
19,83.0,12.0,73.85114375,62.33166672
19,83.0,13.0,5.591505685,45.84146006
19,83.0,14.0,16.57959244,7.555126093
19,83.0,15.0,35.40354278,78.97554421
19,83.0,16.0,38.91731445,39.23046223
19,83.0,17.0,37.72339222,45.94057461
19,83.0,18.0,27.91576963,24.14985619
19,83.0,19.0,14.22505458,71.70380062
19,84.0,,,
19,84.0,13.0,47.83981287,29.72922094
19,84.0,31.0,27.9476762,26.89165869
19,84.0,21.0,71.67047521,0.0
19,84.0,5.0,52.10413342,71.90647346
19,84.0,15.0,100.0,77.53888828
19,84.0,17.0,36.36551236,79.88693596
19,84.0,8.0,59.86228813,26.12759861
19,84.0,9.0,50.65483148,12.12972771
19,84.0,10.0,61.35317163,90.22195169
19,84.0,11.0,10.24820614,41.46279934
19,84.0,12.0,73.29892481,57.98241117
19,84.0,13.0,9.513394964,49.37963582
19,84.0,14.0,13.50176541,12.04731909
19,84.0,15.0,40.27606167,81.90139622
19,84.0,16.0,35.85104169,34.73849658
19,84.0,17.0,38.1256965,42.76529386
19,84.0,18.0,23.33857096,21.17946808
19,84.0,19.0,13.19894477,67.8119343
19,85.0,,,
19,85.0,13.0,46.42500843,28.76979526
19,85.0,31.0,30.94104895,29.64690619
19,85.0,21.0,71.06521581,0.0
19,85.0,5.0,55.54513258,72.56747633
19,85.0,15.0,100.0,77.01458113
19,85.0,17.0,33.25561188,83.89893724
19,85.0,8.0,62.44141706,25.67574659
19,85.0,9.0,49.39858502,8.677853552
19,85.0,10.0,64.67077925,88.65021067
19,85.0,11.0,12.91486659,41.72729538
19,85.0,12.0,77.64235069,53.97740458
19,85.0,13.0,12.72182236,53.05634516
19,85.0,14.0,12.0811721,11.40972574
19,85.0,15.0,37.54527001,79.2555242
19,85.0,16.0,39.04929519,32.5878829
19,85.0,17.0,35.5915736,39.71710427
19,85.0,18.0,19.70820136,17.33899786
19,85.0,19.0,10.83452849,69.97694654
18,86.0,,,
18,86.0,13.0,48.12063103,25.44131429
18,86.0,31.0,31.20791061,31.35394562
18,86.0,21.0,72.46908255,0.0
18,86.0,,,
18,86.0,15.0,100.0,73.58446201
18,86.0,17.0,30.1415064,87.39338114
18,86.0,8.0,57.49700869,21.35146949
18,86.0,9.0,48.8319656,5.760220036
18,86.0,10.0,67.131073,84.17044263
18,86.0,11.0,12.56888819,45.36974767
18,86.0,12.0,76.91797665,58.75930882
18,86.0,13.0,14.18769812,48.37207933
18,86.0,14.0,10.23436192,13.57925026
18,86.0,15.0,32.69697971,82.35479186
18,86.0,16.0,34.47504944,30.20613372
18,86.0,17.0,39.07296508,42.73698703
18,86.0,18.0,22.92127997,12.60154066
18,87.0,,,
18,87.0,13.0,45.82746189,26.14442853
18,87.0,31.0,33.45997829,29.94899884
18,87.0,21.0,77.38507425,2.867879477
18,87.0,,,
18,87.0,15.0,100.0,72.90872459
18,87.0,17.0,31.08987455,90.7417491
18,87.0,8.0,59.26994129,22.25182504
18,87.0,9.0,46.25419011,3.728070684
18,87.0,10.0,70.48762913,79.65990843
18,87.0,11.0,8.145329283,49.09589397
18,87.0,12.0,80.51529025,61.90851691
18,87.0,13.0,11.52476848,45.76130825
18,87.0,14.0,8.763328511,17.95432882
18,87.0,15.0,29.89546941,79.86066367
18,87.0,16.0,39.32361739,29.60082425
18,87.0,17.0,36.96718583,43.33013537
18,87.0,18.0,21.67498396,10.56747858
18,88.0,,,
18,88.0,2.0,50.06993872,21.28828721
18,88.0,31.0,29.77125638,31.31139809
18,88.0,21.0,75.5221707,0.0
18,88.0,,,
18,88.0,15.0,96.37059987,68.76675954
18,88.0,17.0,30.81308095,89.84885667
18,88.0,8.0,60.99280008,23.29071661
18,88.0,9.0,43.36174221,6.691897841
18,88.0,10.0,72.90691918,77.86401546
18,88.0,11.0,11.31367472,51.05356256
18,88.0,12.0,77.60305299,58.98496553
18,88.0,13.0,6.641348164,45.52280513
18,88.0,14.0,9.010766954,16.78921798
18,88.0,15.0,28.6896453,83.9234907
18,88.0,16.0,42.3745028,26.40131787
18,88.0,17.0,38.31484806,45.95792928
18,88.0,18.0,19.46953372,12.80584356
17,89.0,,,
17,89.0,,,
17,89.0,31.0,26.9834924,35.9382987
17,89.0,21.0,78.72807077,0.0
17,89.0,,,
17,89.0,15.0,96.80383712,64.7806251
17,89.0,17.0,26.32362255,89.32597513
17,89.0,8.0,58.51877251,20.00157983
17,89.0,9.0,44.49432416,6.569904037
17,89.0,10.0,68.93320036,77.96426734
17,89.0,11.0,10.10681275,55.5590082
17,89.0,12.0,75.05234663,56.99270076
17,89.0,13.0,2.231777799,44.44103011
17,89.0,14.0,13.11291025,16.75863101
17,89.0,15.0,33.38500313,81.86750241
17,89.0,16.0,46.88408929,24.0832779
17,89.0,17.0,42.46655531,46.2503552
17,90.0,,,
17,90.0,,,
17,90.0,31.0,31.47311261,31.36137454
17,90.0,21.0,82.63304295,0.0
17,90.0,,,
17,90.0,15.0,100.0,63.61594704
17,90.0,17.0,21.96944363,88.13913685
17,90.0,8.0,56.32825862,23.6326466
17,90.0,9.0,49.03611306,2.596780488
17,90.0,10.0,69.70124635,79.69194722
17,90.0,11.0,8.233529661,58.75562974
17,90.0,12.0,78.60432111,56.89233819
17,90.0,13.0,2.096579601,41.00497489
17,90.0,14.0,13.65076666,13.51011278
17,90.0,15.0,34.7624664,78.58392891
17,90.0,16.0,48.52828274,22.45982114
17,90.0,17.0,47.3736343,46.52654572
17,91.0,,,
17,91.0,,,
17,91.0,31.0,36.17484776,29.47735673
17,91.0,21.0,78.66422312,0.123129127
17,91.0,,,
17,91.0,15.0,98.16491247,63.03478105
17,91.0,17.0,17.10349486,91.02287282
17,91.0,8.0,54.52695637,20.46513614
17,91.0,9.0,45.11200038,2.007789304
17,91.0,10.0,66.72546479,81.54934568
17,91.0,11.0,3.57812274,54.83785375
17,91.0,12.0,83.08928021,58.00764857
17,91.0,13.0,2.65944809,39.31385219
17,91.0,14.0,12.85809385,16.95204353
17,91.0,15.0,36.75020535,76.13607179
17,91.0,16.0,49.15482608,19.07059865
17,91.0,17.0,48.60758207,46.59695967
5,92.0,,,
5,92.0,,,
5,92.0,31.0,39.47300411,33.53304709
5,92.0,21.0,74.49575506,0.0
5,92.0,,,
5,93.0,,,
5,93.0,,,
5,93.0,31.0,34.99804252,35.56210803
5,93.0,21.0,70.91642159,2.734840159
5,93.0,,,
5,94.0,,,
5,94.0,,,
5,94.0,31.0,32.25341139,32.6315244
5,94.0,21.0,74.43077154,6.75397374
5,94.0,,,
5,95.0,,,
5,95.0,,,
5,95.0,31.0,31.95327555,36.55630237
5,95.0,21.0,78.47183643,9.205343719
5,95.0,,,
5,96.0,,,
5,96.0,,,
5,96.0,31.0,35.60473188,36.54293234
5,96.0,21.0,79.78502643,8.072557324
5,96.0,,,
5,97.0,,,
5,97.0,,,
5,97.0,31.0,37.39154491,37.89116868
5,97.0,21.0,77.70796412,5.657117251
5,97.0,,,
5,98.0,,,
5,98.0,,,
5,98.0,31.0,41.15666446,36.25379967
5,98.0,21.0,79.01664934,10.62402016
5,98.0,,,
5,99.0,,,
5,99.0,,,
5,99.0,31.0,36.93398784,37.18743007
5,99.0,21.0,80.84424023,8.969556663
5,99.0,,,
